dataset,iteration,model,n_steps,n_hidden_layers,time,baseline,baseline_time
FASHION,0,LIF,5,0,2.7556380000023637,LeNet,3.3710710409795865
FASHION,0,ParaLIF,5,0,3.067251665983349,LeNet,3.3710710409795865
FASHION,0,LIF,5,1,3.821943042014027,LeNet,3.3710710409795865
FASHION,0,ParaLIF,5,1,3.507625290978467,LeNet,3.3710710409795865
FASHION,0,LIF,5,2,4.864221874973737,LeNet,3.3710710409795865
FASHION,0,ParaLIF,5,2,3.502752208005404,LeNet,3.3710710409795865
FASHION,0,LIF,5,3,5.60930183401797,LeNet,3.3710710409795865
FASHION,0,ParaLIF,5,3,3.67116066699964,LeNet,3.3710710409795865
FASHION,0,LIF,10,0,3.117807875009021,LeNet,3.3710710409795865
FASHION,0,ParaLIF,10,0,3.688379166007507,LeNet,3.3710710409795865
FASHION,0,LIF,10,1,4.78033329101163,LeNet,3.3710710409795865
FASHION,0,ParaLIF,10,1,3.2151944170182105,LeNet,3.3710710409795865
FASHION,0,LIF,10,2,6.717830207984662,LeNet,3.3710710409795865
FASHION,0,ParaLIF,10,2,3.629683832987211,LeNet,3.3710710409795865
FASHION,0,LIF,10,3,8.424677583010634,LeNet,3.3710710409795865
FASHION,0,ParaLIF,10,3,3.706262749998132,LeNet,3.3710710409795865
FASHION,0,LIF,20,0,3.4640855829929933,LeNet,3.3710710409795865
FASHION,0,ParaLIF,20,0,3.566542666987516,LeNet,3.3710710409795865
FASHION,0,LIF,20,1,6.946893791988259,LeNet,3.3710710409795865
FASHION,0,ParaLIF,20,1,4.1869553749857005,LeNet,3.3710710409795865
FASHION,0,LIF,20,2,10.440588375000516,LeNet,3.3710710409795865
FASHION,0,ParaLIF,20,2,5.6535125840164255,LeNet,3.3710710409795865
FASHION,0,LIF,20,3,13.985090292000676,LeNet,3.3710710409795865
FASHION,0,ParaLIF,20,3,6.396196832996793,LeNet,3.3710710409795865
FASHION,0,LIF,30,0,3.7532332080008928,LeNet,3.3710710409795865
FASHION,0,ParaLIF,30,0,4.489470542001072,LeNet,3.3710710409795865
FASHION,0,LIF,30,1,8.869452208018629,LeNet,3.3710710409795865
FASHION,0,ParaLIF,30,1,5.931483083026251,LeNet,3.3710710409795865
FASHION,0,LIF,30,2,14.28715354099404,LeNet,3.3710710409795865
FASHION,0,ParaLIF,30,2,8.24050745801651,LeNet,3.3710710409795865
FASHION,0,LIF,30,3,21.662358665984357,LeNet,3.3710710409795865
FASHION,0,ParaLIF,30,3,9.559458708012244,LeNet,3.3710710409795865
FASHION,0,LIF,50,0,4.516692916979082,LeNet,3.3710710409795865
FASHION,0,ParaLIF,50,0,5.007334333990002,LeNet,3.3710710409795865
FASHION,0,LIF,50,1,14.017194165993716,LeNet,3.3710710409795865
FASHION,0,ParaLIF,50,1,10.616272125014802,LeNet,3.3710710409795865
FASHION,0,LIF,50,2,22.760133041010704,LeNet,3.3710710409795865
FASHION,0,ParaLIF,50,2,14.562126832985086,LeNet,3.3710710409795865
FASHION,0,LIF,50,3,31.0169150409929,LeNet,3.3710710409795865
FASHION,0,ParaLIF,50,3,16.475873165996745,LeNet,3.3710710409795865
FASHION,0,LIF,100,0,6.213387458003126,LeNet,3.3710710409795865
FASHION,0,ParaLIF,100,0,4.069887083984213,LeNet,3.3710710409795865
FASHION,0,LIF,100,1,24.95617104199482,LeNet,3.3710710409795865
FASHION,0,ParaLIF,100,1,20.965051541978028,LeNet,3.3710710409795865
FASHION,0,LIF,100,2,42.604423665994545,LeNet,3.3710710409795865
FASHION,0,ParaLIF,100,2,28.124881416995777,LeNet,3.3710710409795865
FASHION,0,LIF,100,3,61.41253933298867,LeNet,3.3710710409795865
FASHION,0,ParaLIF,100,3,31.765443584008608,LeNet,3.3710710409795865
FASHION,1,LIF,5,0,2.7598032909736503,LeNet,3.110999416996492
FASHION,1,ParaLIF,5,0,3.225336083007278,LeNet,3.110999416996492
FASHION,1,LIF,5,1,4.065013707993785,LeNet,3.110999416996492
FASHION,1,ParaLIF,5,1,3.3015861670137383,LeNet,3.110999416996492
FASHION,1,LIF,5,2,4.871248332987307,LeNet,3.110999416996492
FASHION,1,ParaLIF,5,2,3.608088790992042,LeNet,3.110999416996492
FASHION,1,LIF,5,3,5.818559209001251,LeNet,3.110999416996492
FASHION,1,ParaLIF,5,3,3.9498928749817424,LeNet,3.110999416996492
FASHION,1,LIF,10,0,3.5035192079958506,LeNet,3.110999416996492
FASHION,1,ParaLIF,10,0,3.4324501660012174,LeNet,3.110999416996492
FASHION,1,LIF,10,1,5.123435874993447,LeNet,3.110999416996492
FASHION,1,ParaLIF,10,1,3.4632729580043815,LeNet,3.110999416996492
FASHION,1,LIF,10,2,6.930415792012354,LeNet,3.110999416996492
FASHION,1,ParaLIF,10,2,3.831839916994795,LeNet,3.110999416996492
FASHION,1,LIF,10,3,8.71768987501855,LeNet,3.110999416996492
FASHION,1,ParaLIF,10,3,3.921580124995671,LeNet,3.110999416996492
FASHION,1,LIF,20,0,3.629733167006634,LeNet,3.110999416996492
FASHION,1,ParaLIF,20,0,3.3846697919943836,LeNet,3.110999416996492
FASHION,1,LIF,20,1,7.135760000004666,LeNet,3.110999416996492
FASHION,1,ParaLIF,20,1,4.14081304098363,LeNet,3.110999416996492
FASHION,1,LIF,20,2,10.886233875004107,LeNet,3.110999416996492
FASHION,1,ParaLIF,20,2,5.649944874981884,LeNet,3.110999416996492
FASHION,1,LIF,20,3,14.88274616599665,LeNet,3.110999416996492
FASHION,1,ParaLIF,20,3,6.453004874987528,LeNet,3.110999416996492
FASHION,1,LIF,30,0,3.945854416990187,LeNet,3.110999416996492
FASHION,1,ParaLIF,30,0,3.5146553330123425,LeNet,3.110999416996492
FASHION,1,LIF,30,1,9.28759166697273,LeNet,3.110999416996492
FASHION,1,ParaLIF,30,1,5.8000400000019,LeNet,3.110999416996492
FASHION,1,LIF,30,2,14.95374745799927,LeNet,3.110999416996492
FASHION,1,ParaLIF,30,2,8.087208875018405,LeNet,3.110999416996492
FASHION,1,LIF,30,3,20.943135082983645,LeNet,3.110999416996492
FASHION,1,ParaLIF,30,3,9.183920541021507,LeNet,3.110999416996492
FASHION,1,LIF,50,0,4.4527838329959195,LeNet,3.110999416996492
FASHION,1,ParaLIF,50,0,3.86563237500377,LeNet,3.110999416996492
FASHION,1,LIF,50,1,13.59341666699038,LeNet,3.110999416996492
FASHION,1,ParaLIF,50,1,10.412190375005594,LeNet,3.110999416996492
FASHION,1,LIF,50,2,22.294873915991047,LeNet,3.110999416996492
FASHION,1,ParaLIF,50,2,14.398864292015787,LeNet,3.110999416996492
FASHION,1,LIF,50,3,31.363822209008504,LeNet,3.110999416996492
FASHION,1,ParaLIF,50,3,16.29044862498995,LeNet,3.110999416996492
FASHION,1,LIF,100,0,5.990949875005754,LeNet,3.110999416996492
FASHION,1,ParaLIF,100,0,3.374020291987108,LeNet,3.110999416996492
FASHION,1,LIF,100,1,24.562925917009125,LeNet,3.110999416996492
FASHION,1,ParaLIF,100,1,20.323871333996067,LeNet,3.110999416996492
FASHION,1,LIF,100,2,43.06682800000999,LeNet,3.110999416996492
FASHION,1,ParaLIF,100,2,28.34929574999842,LeNet,3.110999416996492
FASHION,1,LIF,100,3,64.11868754200987,LeNet,3.110999416996492
FASHION,1,ParaLIF,100,3,32.38422733399784,LeNet,3.110999416996492
FASHION,2,LIF,5,0,3.0595053329889197,LeNet,3.087030833994504
FASHION,2,ParaLIF,5,0,3.3712764169904403,LeNet,3.087030833994504
FASHION,2,LIF,5,1,4.093584625021322,LeNet,3.087030833994504
FASHION,2,ParaLIF,5,1,3.4771515829779673,LeNet,3.087030833994504
FASHION,2,LIF,5,2,5.4790017920022365,LeNet,3.087030833994504
FASHION,2,ParaLIF,5,2,3.861646625009598,LeNet,3.087030833994504
FASHION,2,LIF,5,3,6.439904832979664,LeNet,3.087030833994504
FASHION,2,ParaLIF,5,3,4.609799291007221,LeNet,3.087030833994504
FASHION,2,LIF,10,0,3.5391017079818994,LeNet,3.087030833994504
FASHION,2,ParaLIF,10,0,3.4593227920122445,LeNet,3.087030833994504
FASHION,2,LIF,10,1,5.4886287080007605,LeNet,3.087030833994504
FASHION,2,ParaLIF,10,1,3.4439330830064137,LeNet,3.087030833994504
FASHION,2,LIF,10,2,7.031574082997395,LeNet,3.087030833994504
FASHION,2,ParaLIF,10,2,3.725157000008039,LeNet,3.087030833994504
FASHION,2,LIF,10,3,8.810033582994947,LeNet,3.087030833994504
FASHION,2,ParaLIF,10,3,4.403510916978121,LeNet,3.087030833994504
FASHION,2,LIF,20,0,3.829591833986342,LeNet,3.087030833994504
FASHION,2,ParaLIF,20,0,3.5341820410103537,LeNet,3.087030833994504
FASHION,2,LIF,20,1,7.56713424998452,LeNet,3.087030833994504
FASHION,2,ParaLIF,20,1,4.27498195800581,LeNet,3.087030833994504
FASHION,2,LIF,20,2,11.489964832988337,LeNet,3.087030833994504
FASHION,2,ParaLIF,20,2,5.71416983299423,LeNet,3.087030833994504
FASHION,2,LIF,20,3,15.381471750006313,LeNet,3.087030833994504
FASHION,2,ParaLIF,20,3,6.455139124998823,LeNet,3.087030833994504
FASHION,2,LIF,30,0,4.268980792025104,LeNet,3.087030833994504
FASHION,2,ParaLIF,30,0,3.673240125004668,LeNet,3.087030833994504
FASHION,2,LIF,30,1,9.244458791974466,LeNet,3.087030833994504
FASHION,2,ParaLIF,30,1,5.851558207999915,LeNet,3.087030833994504
FASHION,2,LIF,30,2,14.78668399999151,LeNet,3.087030833994504
FASHION,2,ParaLIF,30,2,8.064008708985057,LeNet,3.087030833994504
FASHION,2,LIF,30,3,20.265846208989387,LeNet,3.087030833994504
FASHION,2,ParaLIF,30,3,9.169519292016048,LeNet,3.087030833994504
FASHION,2,LIF,50,0,4.439860667014727,LeNet,3.087030833994504
FASHION,2,ParaLIF,50,0,3.890115167014301,LeNet,3.087030833994504
FASHION,2,LIF,50,1,14.55494233299396,LeNet,3.087030833994504
FASHION,2,ParaLIF,50,1,10.553819541994017,LeNet,3.087030833994504
FASHION,2,LIF,50,2,23.356716375012184,LeNet,3.087030833994504
FASHION,2,ParaLIF,50,2,14.577318916999502,LeNet,3.087030833994504
FASHION,2,LIF,50,3,32.36363074998371,LeNet,3.087030833994504
FASHION,2,ParaLIF,50,3,16.694728917005705,LeNet,3.087030833994504
FASHION,2,LIF,100,0,6.035026832978474,LeNet,3.087030833994504
FASHION,2,ParaLIF,100,0,3.3275828750047367,LeNet,3.087030833994504
FASHION,2,LIF,100,1,25.05061820798437,LeNet,3.087030833994504
FASHION,2,ParaLIF,100,1,20.531838167022215,LeNet,3.087030833994504
FASHION,2,LIF,100,2,43.20417041698238,LeNet,3.087030833994504
FASHION,2,ParaLIF,100,2,28.70937966601923,LeNet,3.087030833994504
FASHION,2,LIF,100,3,62.79382004099898,LeNet,3.087030833994504
FASHION,2,ParaLIF,100,3,32.208238541992614,LeNet,3.087030833994504
FASHION,3,LIF,5,0,2.955647458002204,LeNet,3.031555291003315
FASHION,3,ParaLIF,5,0,3.275565207994078,LeNet,3.031555291003315
FASHION,3,LIF,5,1,3.917723541992018,LeNet,3.031555291003315
FASHION,3,ParaLIF,5,1,3.4729207920026965,LeNet,3.031555291003315
FASHION,3,LIF,5,2,4.986211457988247,LeNet,3.031555291003315
FASHION,3,ParaLIF,5,2,3.854416207992472,LeNet,3.031555291003315
FASHION,3,LIF,5,3,6.089210542006185,LeNet,3.031555291003315
FASHION,3,ParaLIF,5,3,4.159034250013065,LeNet,3.031555291003315
FASHION,3,LIF,10,0,3.420030665991362,LeNet,3.031555291003315
FASHION,3,ParaLIF,10,0,3.4248367919935845,LeNet,3.031555291003315
FASHION,3,LIF,10,1,5.186326249997364,LeNet,3.031555291003315
FASHION,3,ParaLIF,10,1,3.4564259169856086,LeNet,3.031555291003315
FASHION,3,LIF,10,2,7.071909749996848,LeNet,3.031555291003315
FASHION,3,ParaLIF,10,2,3.844694667001022,LeNet,3.031555291003315
FASHION,3,LIF,10,3,8.904997500008903,LeNet,3.031555291003315
FASHION,3,ParaLIF,10,3,4.079440833011176,LeNet,3.031555291003315
FASHION,3,LIF,20,0,3.820174542022869,LeNet,3.031555291003315
FASHION,3,ParaLIF,20,0,3.7321542499994393,LeNet,3.031555291003315
FASHION,3,LIF,20,1,7.762726082990412,LeNet,3.031555291003315
FASHION,3,ParaLIF,20,1,4.698242209007731,LeNet,3.031555291003315
FASHION,3,LIF,20,2,11.46678683400387,LeNet,3.031555291003315
FASHION,3,ParaLIF,20,2,6.384777041996131,LeNet,3.031555291003315
FASHION,3,LIF,20,3,15.515134833025511,LeNet,3.031555291003315
FASHION,3,ParaLIF,20,3,7.037319457973354,LeNet,3.031555291003315
FASHION,3,LIF,30,0,4.197287208982743,LeNet,3.031555291003315
FASHION,3,ParaLIF,30,0,3.7441561250016098,LeNet,3.031555291003315
FASHION,3,LIF,30,1,9.83956299998681,LeNet,3.031555291003315
FASHION,3,ParaLIF,30,1,6.54628391598817,LeNet,3.031555291003315
FASHION,3,LIF,30,2,15.425653040991165,LeNet,3.031555291003315
FASHION,3,ParaLIF,30,2,8.591794834006578,LeNet,3.031555291003315
FASHION,3,LIF,30,3,22.00932745798491,LeNet,3.031555291003315
FASHION,3,ParaLIF,30,3,9.796373624994883,LeNet,3.031555291003315
FASHION,3,LIF,50,0,4.43383600001107,LeNet,3.031555291003315
FASHION,3,ParaLIF,50,0,3.846288250002544,LeNet,3.031555291003315
FASHION,3,LIF,50,1,13.667838666005991,LeNet,3.031555291003315
FASHION,3,ParaLIF,50,1,10.457578166999156,LeNet,3.031555291003315
FASHION,3,LIF,50,2,23.55613316700328,LeNet,3.031555291003315
FASHION,3,ParaLIF,50,2,14.776614625006914,LeNet,3.031555291003315
FASHION,3,LIF,50,3,34.13889616698725,LeNet,3.031555291003315
FASHION,3,ParaLIF,50,3,16.93492845899891,LeNet,3.031555291003315
FASHION,3,LIF,100,0,6.159179165988462,LeNet,3.031555291003315
FASHION,3,ParaLIF,100,0,3.4305654169875197,LeNet,3.031555291003315
FASHION,3,LIF,100,1,25.71680304201436,LeNet,3.031555291003315
FASHION,3,ParaLIF,100,1,20.97242633299902,LeNet,3.031555291003315
FASHION,3,LIF,100,2,45.24399899999844,LeNet,3.031555291003315
FASHION,3,ParaLIF,100,2,29.099890667013824,LeNet,3.031555291003315
FASHION,3,LIF,100,3,62.622852708009304,LeNet,3.031555291003315
FASHION,3,ParaLIF,100,3,32.39126704100636,LeNet,3.031555291003315
FASHION,4,LIF,5,0,3.3984733750112355,LeNet,3.0115354580048006
FASHION,4,ParaLIF,5,0,3.3860439580166712,LeNet,3.0115354580048006
FASHION,4,LIF,5,1,4.179728499992052,LeNet,3.0115354580048006
FASHION,4,ParaLIF,5,1,3.3422964159981348,LeNet,3.0115354580048006
FASHION,4,LIF,5,2,4.966920832986943,LeNet,3.0115354580048006
FASHION,4,ParaLIF,5,2,3.7946201659797225,LeNet,3.0115354580048006
FASHION,4,LIF,5,3,5.827719166991301,LeNet,3.0115354580048006
FASHION,4,ParaLIF,5,3,3.9193673339905217,LeNet,3.0115354580048006
FASHION,4,LIF,10,0,3.4008128329878673,LeNet,3.0115354580048006
FASHION,4,ParaLIF,10,0,3.3411938750068657,LeNet,3.0115354580048006
FASHION,4,LIF,10,1,5.306597999995574,LeNet,3.0115354580048006
FASHION,4,ParaLIF,10,1,3.638151125021978,LeNet,3.0115354580048006
FASHION,4,LIF,10,2,7.201067000016337,LeNet,3.0115354580048006
FASHION,4,ParaLIF,10,2,3.937336292001419,LeNet,3.0115354580048006
FASHION,4,LIF,10,3,9.352959374984492,LeNet,3.0115354580048006
FASHION,4,ParaLIF,10,3,4.243691582989413,LeNet,3.0115354580048006
FASHION,4,LIF,20,0,3.9526729580247775,LeNet,3.0115354580048006
FASHION,4,ParaLIF,20,0,3.7612076250079554,LeNet,3.0115354580048006
FASHION,4,LIF,20,1,7.774481000000378,LeNet,3.0115354580048006
FASHION,4,ParaLIF,20,1,4.763644749997184,LeNet,3.0115354580048006
FASHION,4,LIF,20,2,11.134456875006435,LeNet,3.0115354580048006
FASHION,4,ParaLIF,20,2,5.737097583012655,LeNet,3.0115354580048006
FASHION,4,LIF,20,3,15.46203266698285,LeNet,3.0115354580048006
FASHION,4,ParaLIF,20,3,6.9941463750146795,LeNet,3.0115354580048006
FASHION,4,LIF,30,0,4.010610208002618,LeNet,3.0115354580048006
FASHION,4,ParaLIF,30,0,3.5571625829907134,LeNet,3.0115354580048006
FASHION,4,LIF,30,1,9.30756499999552,LeNet,3.0115354580048006
FASHION,4,ParaLIF,30,1,6.04351575000328,LeNet,3.0115354580048006
FASHION,4,LIF,30,2,16.208737625012873,LeNet,3.0115354580048006
FASHION,4,ParaLIF,30,2,8.719875709008193,LeNet,3.0115354580048006
FASHION,4,LIF,30,3,22.06388204099494,LeNet,3.0115354580048006
FASHION,4,ParaLIF,30,3,9.88727987499442,LeNet,3.0115354580048006
FASHION,4,LIF,50,0,4.599273416009964,LeNet,3.0115354580048006
FASHION,4,ParaLIF,50,0,4.001540958008263,LeNet,3.0115354580048006
FASHION,4,LIF,50,1,14.410845542006427,LeNet,3.0115354580048006
FASHION,4,ParaLIF,50,1,10.58113179198699,LeNet,3.0115354580048006
FASHION,4,LIF,50,2,25.33807575001265,LeNet,3.0115354580048006
FASHION,4,ParaLIF,50,2,14.73833745898446,LeNet,3.0115354580048006
FASHION,4,LIF,50,3,34.6930347919988,LeNet,3.0115354580048006
FASHION,4,ParaLIF,50,3,16.5860373339965,LeNet,3.0115354580048006
FASHION,4,LIF,100,0,6.053603666980052,LeNet,3.0115354580048006
FASHION,4,ParaLIF,100,0,3.430745749996277,LeNet,3.0115354580048006
FASHION,4,LIF,100,1,25.440144708001753,LeNet,3.0115354580048006
FASHION,4,ParaLIF,100,1,20.72785245900741,LeNet,3.0115354580048006
FASHION,4,LIF,100,2,43.94622579202405,LeNet,3.0115354580048006
FASHION,4,ParaLIF,100,2,28.742966541991336,LeNet,3.0115354580048006
FASHION,4,LIF,100,3,61.14704937499482,LeNet,3.0115354580048006
FASHION,4,ParaLIF,100,3,32.608391124987975,LeNet,3.0115354580048006
MNIST,0,LIF,5,0,2.6710860840103123,LeNet,3.452522792009404
MNIST,0,ParaLIF,5,0,3.1402003330003936,LeNet,3.452522792009404
MNIST,0,LIF,5,1,3.912528500019107,LeNet,3.452522792009404
MNIST,0,ParaLIF,5,1,3.382950041006552,LeNet,3.452522792009404
MNIST,0,LIF,5,2,4.579005167004652,LeNet,3.452522792009404
MNIST,0,ParaLIF,5,2,3.4750945839914493,LeNet,3.452522792009404
MNIST,0,LIF,5,3,5.955398292018799,LeNet,3.452522792009404
MNIST,0,ParaLIF,5,3,3.9044228330021724,LeNet,3.452522792009404
MNIST,0,LIF,10,0,3.048523875011597,LeNet,3.452522792009404
MNIST,0,ParaLIF,10,0,3.1502545830153394,LeNet,3.452522792009404
MNIST,0,LIF,10,1,4.637684707995504,LeNet,3.452522792009404
MNIST,0,ParaLIF,10,1,3.2735937499965075,LeNet,3.452522792009404
MNIST,0,LIF,10,2,6.759808415983571,LeNet,3.452522792009404
MNIST,0,ParaLIF,10,2,3.6697353339986876,LeNet,3.452522792009404
MNIST,0,LIF,10,3,8.351399209001102,LeNet,3.452522792009404
MNIST,0,ParaLIF,10,3,3.920128666999517,LeNet,3.452522792009404
MNIST,0,LIF,20,0,3.5903297910117544,LeNet,3.452522792009404
MNIST,0,ParaLIF,20,0,3.5082152919785585,LeNet,3.452522792009404
MNIST,0,LIF,20,1,7.00362312499783,LeNet,3.452522792009404
MNIST,0,ParaLIF,20,1,4.150787709018914,LeNet,3.452522792009404
MNIST,0,LIF,20,2,10.306104249990312,LeNet,3.452522792009404
MNIST,0,ParaLIF,20,2,5.6811821250012144,LeNet,3.452522792009404
MNIST,0,LIF,20,3,14.43908716700389,LeNet,3.452522792009404
MNIST,0,ParaLIF,20,3,6.458293250005227,LeNet,3.452522792009404
MNIST,0,LIF,30,0,3.731350707996171,LeNet,3.452522792009404
MNIST,0,ParaLIF,30,0,3.3736811660055537,LeNet,3.452522792009404
MNIST,0,LIF,30,1,9.381635042023845,LeNet,3.452522792009404
MNIST,0,ParaLIF,30,1,6.046389249997446,LeNet,3.452522792009404
MNIST,0,LIF,30,2,14.880090874998132,LeNet,3.452522792009404
MNIST,0,ParaLIF,30,2,8.126921249990119,LeNet,3.452522792009404
MNIST,0,LIF,30,3,20.23716816699016,LeNet,3.452522792009404
MNIST,0,ParaLIF,30,3,9.322846625000238,LeNet,3.452522792009404
MNIST,0,LIF,50,0,4.262671499978751,LeNet,3.452522792009404
MNIST,0,ParaLIF,50,0,3.823449374991469,LeNet,3.452522792009404
MNIST,0,LIF,50,1,13.31696829199791,LeNet,3.452522792009404
MNIST,0,ParaLIF,50,1,10.396787540987134,LeNet,3.452522792009404
MNIST,0,LIF,50,2,21.931016666989308,LeNet,3.452522792009404
MNIST,0,ParaLIF,50,2,14.607589291990735,LeNet,3.452522792009404
MNIST,0,LIF,50,3,31.761872667004354,LeNet,3.452522792009404
MNIST,0,ParaLIF,50,3,16.435117249988252,LeNet,3.452522792009404
MNIST,0,LIF,100,0,6.144402082980378,LeNet,3.452522792009404
MNIST,0,ParaLIF,100,0,3.6142903750005644,LeNet,3.452522792009404
MNIST,0,LIF,100,1,24.608509416982997,LeNet,3.452522792009404
MNIST,0,ParaLIF,100,1,20.556913459004136,LeNet,3.452522792009404
MNIST,0,LIF,100,2,42.96020075000706,LeNet,3.452522792009404
MNIST,0,ParaLIF,100,2,28.335081041994272,LeNet,3.452522792009404
MNIST,0,LIF,100,3,59.96081404198776,LeNet,3.452522792009404
MNIST,0,ParaLIF,100,3,31.837663708021864,LeNet,3.452522792009404
MNIST,1,LIF,5,0,2.7048288749938365,LeNet,3.0805517499975394
MNIST,1,ParaLIF,5,0,3.0297161669877823,LeNet,3.0805517499975394
MNIST,1,LIF,5,1,3.6611012080102228,LeNet,3.0805517499975394
MNIST,1,ParaLIF,5,1,3.092058000009274,LeNet,3.0805517499975394
MNIST,1,LIF,5,2,4.613970665988745,LeNet,3.0805517499975394
MNIST,1,ParaLIF,5,2,3.413307665992761,LeNet,3.0805517499975394
MNIST,1,LIF,5,3,5.682335541991051,LeNet,3.0805517499975394
MNIST,1,ParaLIF,5,3,3.9368939580162987,LeNet,3.0805517499975394
MNIST,1,LIF,10,0,3.188454040995566,LeNet,3.0805517499975394
MNIST,1,ParaLIF,10,0,3.2933091669983696,LeNet,3.0805517499975394
MNIST,1,LIF,10,1,5.076073624979472,LeNet,3.0805517499975394
MNIST,1,ParaLIF,10,1,3.3695355000090785,LeNet,3.0805517499975394
MNIST,1,LIF,10,2,6.620371958008036,LeNet,3.0805517499975394
MNIST,1,ParaLIF,10,2,3.4754631250107195,LeNet,3.0805517499975394
MNIST,1,LIF,10,3,8.332625250011915,LeNet,3.0805517499975394
MNIST,1,ParaLIF,10,3,3.702038499992341,LeNet,3.0805517499975394
MNIST,1,LIF,20,0,3.435232374991756,LeNet,3.0805517499975394
MNIST,1,ParaLIF,20,0,3.159551624994492,LeNet,3.0805517499975394
MNIST,1,LIF,20,1,7.041034499998204,LeNet,3.0805517499975394
MNIST,1,ParaLIF,20,1,4.173428250011057,LeNet,3.0805517499975394
MNIST,1,LIF,20,2,10.598110291000921,LeNet,3.0805517499975394
MNIST,1,ParaLIF,20,2,5.704933583998354,LeNet,3.0805517499975394
MNIST,1,LIF,20,3,14.646747584018158,LeNet,3.0805517499975394
MNIST,1,ParaLIF,20,3,6.440950457996223,LeNet,3.0805517499975394
MNIST,1,LIF,30,0,3.8583749160170555,LeNet,3.0805517499975394
MNIST,1,ParaLIF,30,0,3.3829676659952383,LeNet,3.0805517499975394
MNIST,1,LIF,30,1,9.659859666018747,LeNet,3.0805517499975394
MNIST,1,ParaLIF,30,1,5.8427549169864506,LeNet,3.0805517499975394
MNIST,1,LIF,30,2,14.324012708006194,LeNet,3.0805517499975394
MNIST,1,ParaLIF,30,2,8.100962917000288,LeNet,3.0805517499975394
MNIST,1,LIF,30,3,20.034007333015325,LeNet,3.0805517499975394
MNIST,1,ParaLIF,30,3,9.038758790993597,LeNet,3.0805517499975394
MNIST,1,LIF,50,0,4.13405641700956,LeNet,3.0805517499975394
MNIST,1,ParaLIF,50,0,3.6042646249989048,LeNet,3.0805517499975394
MNIST,1,LIF,50,1,13.781554790999508,LeNet,3.0805517499975394
MNIST,1,ParaLIF,50,1,10.39830775000155,LeNet,3.0805517499975394
MNIST,1,LIF,50,2,22.015613541996572,LeNet,3.0805517499975394
MNIST,1,ParaLIF,50,2,14.401238249993185,LeNet,3.0805517499975394
MNIST,1,LIF,50,3,30.961081124987686,LeNet,3.0805517499975394
MNIST,1,ParaLIF,50,3,16.61301575001562,LeNet,3.0805517499975394
MNIST,1,LIF,100,0,5.919520499999635,LeNet,3.0805517499975394
MNIST,1,ParaLIF,100,0,3.423788957996294,LeNet,3.0805517499975394
MNIST,1,LIF,100,1,25.259109917009482,LeNet,3.0805517499975394
MNIST,1,ParaLIF,100,1,20.733128624997335,LeNet,3.0805517499975394
MNIST,1,LIF,100,2,42.415785040997434,LeNet,3.0805517499975394
MNIST,1,ParaLIF,100,2,28.34394716701354,LeNet,3.0805517499975394
MNIST,1,LIF,100,3,59.53994879097445,LeNet,3.0805517499975394
MNIST,1,ParaLIF,100,3,31.770260459015844,LeNet,3.0805517499975394
MNIST,2,LIF,5,0,2.7059765000012703,LeNet,3.219382917013718
MNIST,2,ParaLIF,5,0,3.0812267500150483,LeNet,3.219382917013718
MNIST,2,LIF,5,1,3.883150999987265,LeNet,3.219382917013718
MNIST,2,ParaLIF,5,1,3.265888541995082,LeNet,3.219382917013718
MNIST,2,LIF,5,2,4.859554916998604,LeNet,3.219382917013718
MNIST,2,ParaLIF,5,2,3.5640885840111878,LeNet,3.219382917013718
MNIST,2,LIF,5,3,5.747519208991434,LeNet,3.219382917013718
MNIST,2,ParaLIF,5,3,3.779825041012373,LeNet,3.219382917013718
MNIST,2,LIF,10,0,3.278364625002723,LeNet,3.219382917013718
MNIST,2,ParaLIF,10,0,3.198612249980215,LeNet,3.219382917013718
MNIST,2,LIF,10,1,4.955501624994213,LeNet,3.219382917013718
MNIST,2,ParaLIF,10,1,3.323288416984724,LeNet,3.219382917013718
MNIST,2,LIF,10,2,7.017807666998124,LeNet,3.219382917013718
MNIST,2,ParaLIF,10,2,3.6789943749899976,LeNet,3.219382917013718
MNIST,2,LIF,10,3,8.732151875010459,LeNet,3.219382917013718
MNIST,2,ParaLIF,10,3,3.963423250010237,LeNet,3.219382917013718
MNIST,2,LIF,20,0,3.458563124993816,LeNet,3.219382917013718
MNIST,2,ParaLIF,20,0,3.340044333017431,LeNet,3.219382917013718
MNIST,2,LIF,20,1,7.2957872500119265,LeNet,3.219382917013718
MNIST,2,ParaLIF,20,1,4.1591636660159566,LeNet,3.219382917013718
MNIST,2,LIF,20,2,10.944681624998339,LeNet,3.219382917013718
MNIST,2,ParaLIF,20,2,5.552003749995492,LeNet,3.219382917013718
MNIST,2,LIF,20,3,13.823652416002005,LeNet,3.219382917013718
MNIST,2,ParaLIF,20,3,6.350869333022274,LeNet,3.219382917013718
MNIST,2,LIF,30,0,3.8202207919966895,LeNet,3.219382917013718
MNIST,2,ParaLIF,30,0,3.4544803330209106,LeNet,3.219382917013718
MNIST,2,LIF,30,1,8.915833667007973,LeNet,3.219382917013718
MNIST,2,ParaLIF,30,1,5.793861707992619,LeNet,3.219382917013718
MNIST,2,LIF,30,2,14.474944582994794,LeNet,3.219382917013718
MNIST,2,ParaLIF,30,2,8.054110875003971,LeNet,3.219382917013718
MNIST,2,LIF,30,3,19.81238245801069,LeNet,3.219382917013718
MNIST,2,ParaLIF,30,3,9.04363345899037,LeNet,3.219382917013718
MNIST,2,LIF,50,0,4.361534291994758,LeNet,3.219382917013718
MNIST,2,ParaLIF,50,0,3.6696341250208206,LeNet,3.219382917013718
MNIST,2,LIF,50,1,13.246321042010095,LeNet,3.219382917013718
MNIST,2,ParaLIF,50,1,10.248062916012714,LeNet,3.219382917013718
MNIST,2,LIF,50,2,22.846898417017655,LeNet,3.219382917013718
MNIST,2,ParaLIF,50,2,14.269034124998143,LeNet,3.219382917013718
MNIST,2,LIF,50,3,31.37858587500523,LeNet,3.219382917013718
MNIST,2,ParaLIF,50,3,16.164410625002347,LeNet,3.219382917013718
MNIST,2,LIF,100,0,5.906368750002002,LeNet,3.219382917013718
MNIST,2,ParaLIF,100,0,3.3225736250169575,LeNet,3.219382917013718
MNIST,2,LIF,100,1,23.5980473330128,LeNet,3.219382917013718
MNIST,2,ParaLIF,100,1,20.394542333000572,LeNet,3.219382917013718
MNIST,2,LIF,100,2,42.11036287501338,LeNet,3.219382917013718
MNIST,2,ParaLIF,100,2,28.32620149999275,LeNet,3.219382917013718
MNIST,2,LIF,100,3,59.59925808297703,LeNet,3.219382917013718
MNIST,2,ParaLIF,100,3,31.985178167000413,LeNet,3.219382917013718
MNIST,3,LIF,5,0,2.8053338339959737,LeNet,3.1538222919916734
MNIST,3,ParaLIF,5,0,3.223773167002946,LeNet,3.1538222919916734
MNIST,3,LIF,5,1,3.6847772499895655,LeNet,3.1538222919916734
MNIST,3,ParaLIF,5,1,3.1629637499863748,LeNet,3.1538222919916734
MNIST,3,LIF,5,2,4.625901999999769,LeNet,3.1538222919916734
MNIST,3,ParaLIF,5,2,3.3611200409941375,LeNet,3.1538222919916734
MNIST,3,LIF,5,3,5.518042125011561,LeNet,3.1538222919916734
MNIST,3,ParaLIF,5,3,3.641722166998079,LeNet,3.1538222919916734
MNIST,3,LIF,10,0,3.1591526249831077,LeNet,3.1538222919916734
MNIST,3,ParaLIF,10,0,3.0775700410013087,LeNet,3.1538222919916734
MNIST,3,LIF,10,1,4.791161791974446,LeNet,3.1538222919916734
MNIST,3,ParaLIF,10,1,3.1777939169842284,LeNet,3.1538222919916734
MNIST,3,LIF,10,2,6.680573040997842,LeNet,3.1538222919916734
MNIST,3,ParaLIF,10,2,3.5145484159875195,LeNet,3.1538222919916734
MNIST,3,LIF,10,3,8.38450366599136,LeNet,3.1538222919916734
MNIST,3,ParaLIF,10,3,3.713708916999167,LeNet,3.1538222919916734
MNIST,3,LIF,20,0,3.4945956250012387,LeNet,3.1538222919916734
MNIST,3,ParaLIF,20,0,3.180009000003338,LeNet,3.1538222919916734
MNIST,3,LIF,20,1,6.943151875020703,LeNet,3.1538222919916734
MNIST,3,ParaLIF,20,1,4.031032209022669,LeNet,3.1538222919916734
MNIST,3,LIF,20,2,10.331796582991956,LeNet,3.1538222919916734
MNIST,3,ParaLIF,20,2,5.549269124981947,LeNet,3.1538222919916734
MNIST,3,LIF,20,3,13.842685542011168,LeNet,3.1538222919916734
MNIST,3,ParaLIF,20,3,6.315546958008781,LeNet,3.1538222919916734
MNIST,3,LIF,30,0,3.734554124996066,LeNet,3.1538222919916734
MNIST,3,ParaLIF,30,0,3.3770082089758944,LeNet,3.1538222919916734
MNIST,3,LIF,30,1,8.964196874992922,LeNet,3.1538222919916734
MNIST,3,ParaLIF,30,1,5.906794791982975,LeNet,3.1538222919916734
MNIST,3,LIF,30,2,14.461044750001747,LeNet,3.1538222919916734
MNIST,3,ParaLIF,30,2,8.327818749996368,LeNet,3.1538222919916734
MNIST,3,LIF,30,3,20.649100333015667,LeNet,3.1538222919916734
MNIST,3,ParaLIF,30,3,9.399159291991964,LeNet,3.1538222919916734
MNIST,3,LIF,50,0,4.49556070799008,LeNet,3.1538222919916734
MNIST,3,ParaLIF,50,0,3.815652791992761,LeNet,3.1538222919916734
MNIST,3,LIF,50,1,12.994457541004522,LeNet,3.1538222919916734
MNIST,3,ParaLIF,50,1,10.454233083000872,LeNet,3.1538222919916734
MNIST,3,LIF,50,2,22.452845417021308,LeNet,3.1538222919916734
MNIST,3,ParaLIF,50,2,14.356657541997265,LeNet,3.1538222919916734
MNIST,3,LIF,50,3,30.83359695901163,LeNet,3.1538222919916734
MNIST,3,ParaLIF,50,3,16.76773295897874,LeNet,3.1538222919916734
MNIST,3,LIF,100,0,5.8411588340241,LeNet,3.1538222919916734
MNIST,3,ParaLIF,100,0,3.3218465419777203,LeNet,3.1538222919916734
MNIST,3,LIF,100,1,24.442042124981526,LeNet,3.1538222919916734
MNIST,3,ParaLIF,100,1,20.32199770800071,LeNet,3.1538222919916734
MNIST,3,LIF,100,2,41.75677999999607,LeNet,3.1538222919916734
MNIST,3,ParaLIF,100,2,28.341921459010337,LeNet,3.1538222919916734
MNIST,3,LIF,100,3,61.274610250024125,LeNet,3.1538222919916734
MNIST,3,ParaLIF,100,3,31.717511333990842,LeNet,3.1538222919916734
MNIST,4,LIF,5,0,2.717153999983566,LeNet,3.1005579170014244
MNIST,4,ParaLIF,5,0,3.0618954590172507,LeNet,3.1005579170014244
MNIST,4,LIF,5,1,3.7173879589827266,LeNet,3.1005579170014244
MNIST,4,ParaLIF,5,1,3.209307292010635,LeNet,3.1005579170014244
MNIST,4,LIF,5,2,4.965411709010368,LeNet,3.1005579170014244
MNIST,4,ParaLIF,5,2,3.635245458019199,LeNet,3.1005579170014244
MNIST,4,LIF,5,3,5.629611874988768,LeNet,3.1005579170014244
MNIST,4,ParaLIF,5,3,3.8173700839979574,LeNet,3.1005579170014244
MNIST,4,LIF,10,0,3.2243483749916777,LeNet,3.1005579170014244
MNIST,4,ParaLIF,10,0,3.335280583007261,LeNet,3.1005579170014244
MNIST,4,LIF,10,1,4.963860541000031,LeNet,3.1005579170014244
MNIST,4,ParaLIF,10,1,3.4067393750010524,LeNet,3.1005579170014244
MNIST,4,LIF,10,2,6.863024708000012,LeNet,3.1005579170014244
MNIST,4,ParaLIF,10,2,3.6574484589800704,LeNet,3.1005579170014244
MNIST,4,LIF,10,3,8.435442582995165,LeNet,3.1005579170014244
MNIST,4,ParaLIF,10,3,3.8176238750165794,LeNet,3.1005579170014244
MNIST,4,LIF,20,0,3.494246749993181,LeNet,3.1005579170014244
MNIST,4,ParaLIF,20,0,3.326086042012321,LeNet,3.1005579170014244
MNIST,4,LIF,20,1,7.03506554098567,LeNet,3.1005579170014244
MNIST,4,ParaLIF,20,1,4.054070749989478,LeNet,3.1005579170014244
MNIST,4,LIF,20,2,10.530466249998426,LeNet,3.1005579170014244
MNIST,4,ParaLIF,20,2,5.570968042011373,LeNet,3.1005579170014244
MNIST,4,LIF,20,3,14.509830291994149,LeNet,3.1005579170014244
MNIST,4,ParaLIF,20,3,6.33518099997309,LeNet,3.1005579170014244
MNIST,4,LIF,30,0,3.8526775000209454,LeNet,3.1005579170014244
MNIST,4,ParaLIF,30,0,3.4959740840131417,LeNet,3.1005579170014244
MNIST,4,LIF,30,1,9.11447241701535,LeNet,3.1005579170014244
MNIST,4,ParaLIF,30,1,5.870580624992726,LeNet,3.1005579170014244
MNIST,4,LIF,30,2,14.429317041998729,LeNet,3.1005579170014244
MNIST,4,ParaLIF,30,2,8.067676917009521,LeNet,3.1005579170014244
MNIST,4,LIF,30,3,20.133488583989674,LeNet,3.1005579170014244
MNIST,4,ParaLIF,30,3,9.151016624993645,LeNet,3.1005579170014244
MNIST,4,LIF,50,0,4.355893665982876,LeNet,3.1005579170014244
MNIST,4,ParaLIF,50,0,3.7364821250084788,LeNet,3.1005579170014244
MNIST,4,LIF,50,1,13.591425749997143,LeNet,3.1005579170014244
MNIST,4,ParaLIF,50,1,10.331611959001748,LeNet,3.1005579170014244
MNIST,4,LIF,50,2,22.560548124980414,LeNet,3.1005579170014244
MNIST,4,ParaLIF,50,2,14.337149709026562,LeNet,3.1005579170014244
MNIST,4,LIF,50,3,31.353434458986158,LeNet,3.1005579170014244
MNIST,4,ParaLIF,50,3,16.255917500006035,LeNet,3.1005579170014244
MNIST,4,LIF,100,0,5.8637298749818,LeNet,3.1005579170014244
MNIST,4,ParaLIF,100,0,3.311449792003259,LeNet,3.1005579170014244
MNIST,4,LIF,100,1,24.07017699998687,LeNet,3.1005579170014244
MNIST,4,ParaLIF,100,1,20.284187832992757,LeNet,3.1005579170014244
MNIST,4,LIF,100,2,42.18618620801135,LeNet,3.1005579170014244
MNIST,4,ParaLIF,100,2,28.078507917001843,LeNet,3.1005579170014244
MNIST,4,LIF,100,3,59.41596887499327,LeNet,3.1005579170014244
MNIST,4,ParaLIF,100,3,31.839846832997864,LeNet,3.1005579170014244
