model,epochs_trained,extraction_layer,attack,epsilon,susceptibility_rate,train_accuracy,test_accuracy,baseline_model,baseline_train_accuracy,baseline_test_accuracy,baseline_susceptibility_rate,dataset
GeneralParaLIF,5,0,LInfFMNAttack,0.01,0.0519247985675917,0.8801166666666667,0.8791,LeNet5_Representations_Flexible,0.9928166666666668,0.9852,0.0087509944311853,MNIST
GeneralParaLIF,5,1,LInfFMNAttack,0.01,0.0223015165031222,0.8815333333333333,0.8803,LeNet5_Representations_Flexible,0.9928166666666668,0.9852,0.0087509944311853,MNIST
GeneralParaLIF,5,2,LInfFMNAttack,0.01,0.008667388949079,0.7037333333333333,0.7044,LeNet5_Representations_Flexible,0.9928166666666668,0.9852,0.0087509944311853,MNIST
GeneralParaLIF,5,3,LInfFMNAttack,0.01,0.0087412587412587,0.8931166666666667,0.8893,LeNet5_Representations_Flexible,0.9928166666666668,0.9852,0.0087509944311853,MNIST
GeneralParaLIF,5,4,LInfFMNAttack,0.01,0.0408163265306122,0.95605,0.9502,LeNet5_Representations_Flexible,0.9928166666666668,0.9852,0.0087509944311853,MNIST
GeneralSNN,5,0,LInfFMNAttack,0.01,0.0344827586206896,0.8434,0.8443,LeNet5_Representations_Flexible,0.9928166666666668,0.9852,0.0087509944311853,MNIST
GeneralSNN,5,1,LInfFMNAttack,0.01,0.0189873417721519,0.87765,0.8792,LeNet5_Representations_Flexible,0.9928166666666668,0.9852,0.0087509944311853,MNIST
GeneralSNN,5,2,LInfFMNAttack,0.01,0.0095846645367412,0.98735,0.9841,LeNet5_Representations_Flexible,0.9928166666666668,0.9852,0.0087509944311853,MNIST
GeneralSNN,5,3,LInfFMNAttack,0.01,0.0039682539682539,0.9928333333333332,0.9871,LeNet5_Representations_Flexible,0.9928166666666668,0.9852,0.0087509944311853,MNIST
GeneralSNN,5,4,LInfFMNAttack,0.01,0.0520325203252032,0.9571166666666666,0.9527,LeNet5_Representations_Flexible,0.9928166666666668,0.9852,0.0087509944311853,MNIST
GeneralParaLIF,5,0,LInfFMNAttack,0.05,0.4077669902912621,0.8801166666666667,0.8791,LeNet5_Representations_Flexible,0.9928166666666668,0.9852,0.1509881422924901,MNIST
GeneralParaLIF,5,1,LInfFMNAttack,0.05,0.2682926829268293,0.8815333333333333,0.8803,LeNet5_Representations_Flexible,0.9928166666666668,0.9852,0.1509881422924901,MNIST
GeneralParaLIF,5,2,LInfFMNAttack,0.05,0.0761478163493841,0.7037333333333333,0.7044,LeNet5_Representations_Flexible,0.9928166666666668,0.9852,0.1509881422924901,MNIST
GeneralParaLIF,5,3,LInfFMNAttack,0.05,0.0328596802841918,0.8931166666666667,0.8893,LeNet5_Representations_Flexible,0.9928166666666668,0.9852,0.1509881422924901,MNIST
GeneralParaLIF,5,4,LInfFMNAttack,0.05,0.1057851239669421,0.95605,0.9502,LeNet5_Representations_Flexible,0.9928166666666668,0.9852,0.1509881422924901,MNIST
GeneralSNN,5,0,LInfFMNAttack,0.05,0.2338262476894639,0.8434,0.8443,LeNet5_Representations_Flexible,0.9928166666666668,0.9852,0.1509881422924901,MNIST
GeneralSNN,5,1,LInfFMNAttack,0.05,0.2033747779751332,0.87765,0.8792,LeNet5_Representations_Flexible,0.9928166666666668,0.9852,0.1509881422924901,MNIST
GeneralSNN,5,2,LInfFMNAttack,0.05,0.0555114988104678,0.98735,0.9841,LeNet5_Representations_Flexible,0.9928166666666668,0.9852,0.1509881422924901,MNIST
GeneralSNN,5,3,LInfFMNAttack,0.05,0.0182394924662965,0.9928333333333332,0.9871,LeNet5_Representations_Flexible,0.9928166666666668,0.9852,0.1509881422924901,MNIST
GeneralSNN,5,4,LInfFMNAttack,0.05,0.1204918032786885,0.9571166666666666,0.9527,LeNet5_Representations_Flexible,0.9928166666666668,0.9852,0.1509881422924901,MNIST
GeneralParaLIF,5,0,LInfFMNAttack,0.1,0.4428442844284428,0.8801166666666667,0.8791,LeNet5_Representations_Flexible,0.9928166666666668,0.9852,0.6943784639746635,MNIST
GeneralParaLIF,5,1,LInfFMNAttack,0.1,0.3800865800865801,0.8815333333333333,0.8803,LeNet5_Representations_Flexible,0.9928166666666668,0.9852,0.6943784639746635,MNIST
GeneralParaLIF,5,2,LInfFMNAttack,0.1,0.2897914379802415,0.7037333333333333,0.7044,LeNet5_Representations_Flexible,0.9928166666666668,0.9852,0.6943784639746635,MNIST
GeneralParaLIF,5,3,LInfFMNAttack,0.1,0.0917030567685589,0.8931166666666667,0.8893,LeNet5_Representations_Flexible,0.9928166666666668,0.9852,0.6943784639746635,MNIST
GeneralParaLIF,5,4,LInfFMNAttack,0.1,0.2785947712418301,0.95605,0.9502,LeNet5_Representations_Flexible,0.9928166666666668,0.9852,0.6943784639746635,MNIST
GeneralSNN,5,0,LInfFMNAttack,0.1,0.2611060743427017,0.8434,0.8443,LeNet5_Representations_Flexible,0.9928166666666668,0.9852,0.6943784639746635,MNIST
GeneralSNN,5,1,LInfFMNAttack,0.1,0.2924865831842576,0.87765,0.8792,LeNet5_Representations_Flexible,0.9928166666666668,0.9852,0.6943784639746635,MNIST
GeneralSNN,5,2,LInfFMNAttack,0.1,0.2410215482841181,0.98735,0.9841,LeNet5_Representations_Flexible,0.9928166666666668,0.9852,0.6943784639746635,MNIST
GeneralSNN,5,3,LInfFMNAttack,0.1,0.0703557312252964,0.9928333333333332,0.9871,LeNet5_Representations_Flexible,0.9928166666666668,0.9852,0.6943784639746635,MNIST
GeneralSNN,5,4,LInfFMNAttack,0.1,0.3376941946034342,0.9571166666666666,0.9527,LeNet5_Representations_Flexible,0.9928166666666668,0.9852,0.6943784639746635,MNIST
GeneralParaLIF,5,0,LinfDeepFoolAttack,0.01,0.0581818181818181,0.8801166666666667,0.8791,LeNet5_Representations_Flexible,0.9928166666666668,0.9852,0.0103256552819698,MNIST
GeneralParaLIF,5,1,LinfDeepFoolAttack,0.01,0.01875,0.8815333333333333,0.8803,LeNet5_Representations_Flexible,0.9928166666666668,0.9852,0.0103256552819698,MNIST
GeneralParaLIF,5,2,LinfDeepFoolAttack,0.01,0.0045454545454545,0.7037333333333333,0.7044,LeNet5_Representations_Flexible,0.9928166666666668,0.9852,0.0103256552819698,MNIST
GeneralParaLIF,5,3,LinfDeepFoolAttack,0.01,0.0053238686779059,0.8931166666666667,0.8893,LeNet5_Representations_Flexible,0.9928166666666668,0.9852,0.0103256552819698,MNIST
GeneralParaLIF,5,4,LinfDeepFoolAttack,0.01,0.0381110190555095,0.95605,0.9502,LeNet5_Representations_Flexible,0.9928166666666668,0.9852,0.0103256552819698,MNIST
GeneralSNN,5,0,LinfDeepFoolAttack,0.01,0.0835654596100278,0.8434,0.8443,LeNet5_Representations_Flexible,0.9928166666666668,0.9852,0.0103256552819698,MNIST
GeneralSNN,5,1,LinfDeepFoolAttack,0.01,0.021505376344086,0.87765,0.8792,LeNet5_Representations_Flexible,0.9928166666666668,0.9852,0.0103256552819698,MNIST
GeneralSNN,5,2,LinfDeepFoolAttack,0.01,0.0071656050955414,0.98735,0.9841,LeNet5_Representations_Flexible,0.9928166666666668,0.9852,0.0103256552819698,MNIST
GeneralSNN,5,3,LinfDeepFoolAttack,0.01,0.0047244094488188,0.9928333333333332,0.9871,LeNet5_Representations_Flexible,0.9928166666666668,0.9852,0.0103256552819698,MNIST
GeneralSNN,5,4,LinfDeepFoolAttack,0.01,0.0414634146341463,0.9571166666666666,0.9527,LeNet5_Representations_Flexible,0.9928166666666668,0.9852,0.0103256552819698,MNIST
GeneralParaLIF,5,0,LinfDeepFoolAttack,0.05,0.763272410791993,0.8801166666666667,0.8791,LeNet5_Representations_Flexible,0.9928166666666668,0.9852,0.1048451151707704,MNIST
GeneralParaLIF,5,1,LinfDeepFoolAttack,0.05,0.3459841129744042,0.8815333333333333,0.8803,LeNet5_Representations_Flexible,0.9928166666666668,0.9852,0.1048451151707704,MNIST
GeneralParaLIF,5,2,LinfDeepFoolAttack,0.05,0.0978627671541057,0.7037333333333333,0.7044,LeNet5_Representations_Flexible,0.9928166666666668,0.9852,0.1048451151707704,MNIST
GeneralParaLIF,5,3,LinfDeepFoolAttack,0.05,0.023539668700959,0.8931166666666667,0.8893,LeNet5_Representations_Flexible,0.9928166666666668,0.9852,0.1048451151707704,MNIST
GeneralParaLIF,5,4,LinfDeepFoolAttack,0.05,0.0989370400654129,0.95605,0.9502,LeNet5_Representations_Flexible,0.9928166666666668,0.9852,0.1048451151707704,MNIST
GeneralSNN,5,0,LinfDeepFoolAttack,0.05,0.6441947565543071,0.8434,0.8443,LeNet5_Representations_Flexible,0.9928166666666668,0.9852,0.1048451151707704,MNIST
GeneralSNN,5,1,LinfDeepFoolAttack,0.05,0.2960352422907489,0.87765,0.8792,LeNet5_Representations_Flexible,0.9928166666666668,0.9852,0.1048451151707704,MNIST
GeneralSNN,5,2,LinfDeepFoolAttack,0.05,0.0803500397772474,0.98735,0.9841,LeNet5_Representations_Flexible,0.9928166666666668,0.9852,0.1048451151707704,MNIST
GeneralSNN,5,3,LinfDeepFoolAttack,0.05,0.0230708035003977,0.9928333333333332,0.9871,LeNet5_Representations_Flexible,0.9928166666666668,0.9852,0.1048451151707704,MNIST
GeneralSNN,5,4,LinfDeepFoolAttack,0.05,0.1059602649006622,0.9571166666666666,0.9527,LeNet5_Representations_Flexible,0.9928166666666668,0.9852,0.1048451151707704,MNIST
GeneralParaLIF,5,0,LinfDeepFoolAttack,0.1,0.9595872742906276,0.8801166666666667,0.8791,LeNet5_Representations_Flexible,0.9928166666666668,0.9852,0.4679334916864608,MNIST
GeneralParaLIF,5,1,LinfDeepFoolAttack,0.1,0.841688654353562,0.8815333333333333,0.8803,LeNet5_Representations_Flexible,0.9928166666666668,0.9852,0.4679334916864608,MNIST
GeneralParaLIF,5,2,LinfDeepFoolAttack,0.1,0.5738068812430632,0.7037333333333333,0.7044,LeNet5_Representations_Flexible,0.9928166666666668,0.9852,0.4679334916864608,MNIST
GeneralParaLIF,5,3,LinfDeepFoolAttack,0.1,0.1270670147954743,0.8931166666666667,0.8893,LeNet5_Representations_Flexible,0.9928166666666668,0.9852,0.4679334916864608,MNIST
GeneralParaLIF,5,4,LinfDeepFoolAttack,0.1,0.2954545454545454,0.95605,0.9502,LeNet5_Representations_Flexible,0.9928166666666668,0.9852,0.4679334916864608,MNIST
GeneralSNN,5,0,LinfDeepFoolAttack,0.1,0.8195211786372008,0.8434,0.8443,LeNet5_Representations_Flexible,0.9928166666666668,0.9852,0.4679334916864608,MNIST
GeneralSNN,5,1,LinfDeepFoolAttack,0.1,0.8013937282229965,0.87765,0.8792,LeNet5_Representations_Flexible,0.9928166666666668,0.9852,0.4679334916864608,MNIST
GeneralSNN,5,2,LinfDeepFoolAttack,0.1,0.5358851674641149,0.98735,0.9841,LeNet5_Representations_Flexible,0.9928166666666668,0.9852,0.4679334916864608,MNIST
GeneralSNN,5,3,LinfDeepFoolAttack,0.1,0.0995260663507109,0.9928333333333332,0.9871,LeNet5_Representations_Flexible,0.9928166666666668,0.9852,0.4679334916864608,MNIST
GeneralSNN,5,4,LinfDeepFoolAttack,0.1,0.2610837438423645,0.9571166666666666,0.9527,LeNet5_Representations_Flexible,0.9928166666666668,0.9852,0.4679334916864608,MNIST
GeneralParaLIF,5,0,LinfFastGradientAttack,0.01,0.0537444933920704,0.8801166666666667,0.8791,LeNet5_Representations_Flexible,0.9928166666666668,0.9852,0.0158478605388272,MNIST
GeneralParaLIF,5,1,LinfFastGradientAttack,0.01,0.0326855123674911,0.8815333333333333,0.8803,LeNet5_Representations_Flexible,0.9928166666666668,0.9852,0.0158478605388272,MNIST
GeneralParaLIF,5,2,LinfFastGradientAttack,0.01,0.0100558659217877,0.7037333333333333,0.7044,LeNet5_Representations_Flexible,0.9928166666666668,0.9852,0.0158478605388272,MNIST
GeneralParaLIF,5,3,LinfFastGradientAttack,0.01,0.0043744531933508,0.8931166666666667,0.8893,LeNet5_Representations_Flexible,0.9928166666666668,0.9852,0.0158478605388272,MNIST
GeneralParaLIF,5,4,LinfFastGradientAttack,0.01,0.0384615384615384,0.95605,0.9502,LeNet5_Representations_Flexible,0.9928166666666668,0.9852,0.0158478605388272,MNIST
GeneralSNN,5,0,LinfFastGradientAttack,0.01,0.0849056603773584,0.8434,0.8443,LeNet5_Representations_Flexible,0.9928166666666668,0.9852,0.0158478605388272,MNIST
GeneralSNN,5,1,LinfFastGradientAttack,0.01,0.0361233480176211,0.87765,0.8792,LeNet5_Representations_Flexible,0.9928166666666668,0.9852,0.0158478605388272,MNIST
GeneralSNN,5,2,LinfFastGradientAttack,0.01,0.0111287758346581,0.98735,0.9841,LeNet5_Representations_Flexible,0.9928166666666668,0.9852,0.0158478605388272,MNIST
GeneralSNN,5,3,LinfFastGradientAttack,0.01,0.0094711917916337,0.9928333333333332,0.9871,LeNet5_Representations_Flexible,0.9928166666666668,0.9852,0.0158478605388272,MNIST
GeneralSNN,5,4,LinfFastGradientAttack,0.01,0.048559670781893,0.9571166666666666,0.9527,LeNet5_Representations_Flexible,0.9928166666666668,0.9852,0.0158478605388272,MNIST
GeneralParaLIF,5,0,LinfFastGradientAttack,0.05,0.7159190853122251,0.8801166666666667,0.8791,LeNet5_Representations_Flexible,0.9928166666666668,0.9852,0.0839936608557844,MNIST
GeneralParaLIF,5,1,LinfFastGradientAttack,0.05,0.32408236347359,0.8815333333333333,0.8803,LeNet5_Representations_Flexible,0.9928166666666668,0.9852,0.0839936608557844,MNIST
GeneralParaLIF,5,2,LinfFastGradientAttack,0.05,0.0744444444444444,0.7037333333333333,0.7044,LeNet5_Representations_Flexible,0.9928166666666668,0.9852,0.0839936608557844,MNIST
GeneralParaLIF,5,3,LinfFastGradientAttack,0.05,0.0342105263157894,0.8931166666666667,0.8893,LeNet5_Representations_Flexible,0.9928166666666668,0.9852,0.0839936608557844,MNIST
GeneralParaLIF,5,4,LinfFastGradientAttack,0.05,0.1105610561056105,0.95605,0.9502,LeNet5_Representations_Flexible,0.9928166666666668,0.9852,0.0839936608557844,MNIST
GeneralSNN,5,0,LinfFastGradientAttack,0.05,0.7949438202247191,0.8434,0.8443,LeNet5_Representations_Flexible,0.9928166666666668,0.9852,0.0839936608557844,MNIST
GeneralSNN,5,1,LinfFastGradientAttack,0.05,0.4171779141104294,0.87765,0.8792,LeNet5_Representations_Flexible,0.9928166666666668,0.9852,0.0839936608557844,MNIST
GeneralSNN,5,2,LinfFastGradientAttack,0.05,0.1477635782747604,0.98735,0.9841,LeNet5_Representations_Flexible,0.9928166666666668,0.9852,0.0839936608557844,MNIST
GeneralSNN,5,3,LinfFastGradientAttack,0.05,0.0340189873417721,0.9928333333333332,0.9871,LeNet5_Representations_Flexible,0.9928166666666668,0.9852,0.0839936608557844,MNIST
GeneralSNN,5,4,LinfFastGradientAttack,0.05,0.1360655737704918,0.9571166666666666,0.9527,LeNet5_Representations_Flexible,0.9928166666666668,0.9852,0.0839936608557844,MNIST
GeneralParaLIF,5,0,LinfFastGradientAttack,0.1,0.9763986013986014,0.8801166666666667,0.8791,LeNet5_Representations_Flexible,0.9928166666666668,0.9852,0.3087885985748218,MNIST
GeneralParaLIF,5,1,LinfFastGradientAttack,0.1,0.8102383053839365,0.8815333333333333,0.8803,LeNet5_Representations_Flexible,0.9928166666666668,0.9852,0.3087885985748218,MNIST
GeneralParaLIF,5,2,LinfFastGradientAttack,0.1,0.4972436604189636,0.7037333333333333,0.7044,LeNet5_Representations_Flexible,0.9928166666666668,0.9852,0.3087885985748218,MNIST
GeneralParaLIF,5,3,LinfFastGradientAttack,0.1,0.1246707638279192,0.8931166666666667,0.8893,LeNet5_Representations_Flexible,0.9928166666666668,0.9852,0.3087885985748218,MNIST
GeneralParaLIF,5,4,LinfFastGradientAttack,0.1,0.2861815208503679,0.95605,0.9502,LeNet5_Representations_Flexible,0.9928166666666668,0.9852,0.3087885985748218,MNIST
GeneralSNN,5,0,LinfFastGradientAttack,0.1,0.9833333333333332,0.8434,0.8443,LeNet5_Representations_Flexible,0.9928166666666668,0.9852,0.3087885985748218,MNIST
GeneralSNN,5,1,LinfFastGradientAttack,0.1,0.9392605633802816,0.87765,0.8792,LeNet5_Representations_Flexible,0.9928166666666668,0.9852,0.3087885985748218,MNIST
GeneralSNN,5,2,LinfFastGradientAttack,0.1,0.6629482071713148,0.98735,0.9841,LeNet5_Representations_Flexible,0.9928166666666668,0.9852,0.3087885985748218,MNIST
GeneralSNN,5,3,LinfFastGradientAttack,0.1,0.173396674584323,0.9928333333333332,0.9871,LeNet5_Representations_Flexible,0.9928166666666668,0.9852,0.3087885985748218,MNIST
GeneralSNN,5,4,LinfFastGradientAttack,0.1,0.4,0.9571166666666666,0.9527,LeNet5_Representations_Flexible,0.9928166666666668,0.9852,0.3087885985748218,MNIST
GeneralParaLIF,20,0,LInfFMNAttack,0.01,0.1856710393541877,0.7783333333333333,0.7646,LeNet5_Representations_Flexible,0.96445,0.9015,0.3043852106620808,FASHION
GeneralParaLIF,20,1,LInfFMNAttack,0.01,0.0908071748878923,0.70115,0.6918,LeNet5_Representations_Flexible,0.96445,0.9015,0.3043852106620808,FASHION
GeneralParaLIF,20,2,LInfFMNAttack,0.01,0.0999107939339875,0.9256166666666666,0.8877,LeNet5_Representations_Flexible,0.96445,0.9015,0.3043852106620808,FASHION
GeneralParaLIF,20,3,LInfFMNAttack,0.01,0.0588235294117647,0.9481166666666668,0.8937,LeNet5_Representations_Flexible,0.96445,0.9015,0.3043852106620808,FASHION
GeneralParaLIF,20,4,LInfFMNAttack,0.01,0.2812105926860025,0.6538833333333334,0.6319,LeNet5_Representations_Flexible,0.96445,0.9015,0.3043852106620808,FASHION
GeneralSNN,20,0,LInfFMNAttack,0.01,0.1424554826616682,0.8654,0.8545,LeNet5_Representations_Flexible,0.96445,0.9015,0.3043852106620808,FASHION
GeneralSNN,20,1,LInfFMNAttack,0.01,0.065279091769158,0.83575,0.8273,LeNet5_Representations_Flexible,0.96445,0.9015,0.3043852106620808,FASHION
GeneralSNN,20,2,LInfFMNAttack,0.01,0.0473588342440801,0.8651666666666666,0.8414,LeNet5_Representations_Flexible,0.96445,0.9015,0.3043852106620808,FASHION
GeneralSNN,20,3,LInfFMNAttack,0.01,0.0585664335664335,0.9501166666666668,0.8944,LeNet5_Representations_Flexible,0.96445,0.9015,0.3043852106620808,FASHION
GeneralSNN,20,4,LInfFMNAttack,0.01,0.1896551724137931,0.53275,0.5218,LeNet5_Representations_Flexible,0.96445,0.9015,0.3043852106620808,FASHION
GeneralParaLIF,20,0,LInfFMNAttack,0.05,0.5682507583417593,0.7783333333333333,0.7646,LeNet5_Representations_Flexible,0.96445,0.9015,0.9801210025929128,FASHION
GeneralParaLIF,20,1,LInfFMNAttack,0.05,0.4636871508379888,0.70115,0.6918,LeNet5_Representations_Flexible,0.96445,0.9015,0.9801210025929128,FASHION
GeneralParaLIF,20,2,LInfFMNAttack,0.05,0.489399293286219,0.9256166666666666,0.8877,LeNet5_Representations_Flexible,0.96445,0.9015,0.9801210025929128,FASHION
GeneralParaLIF,20,3,LInfFMNAttack,0.05,0.3027360988526037,0.9481166666666668,0.8937,LeNet5_Representations_Flexible,0.96445,0.9015,0.9801210025929128,FASHION
GeneralParaLIF,20,4,LInfFMNAttack,0.05,0.3988023952095808,0.6538833333333334,0.6319,LeNet5_Representations_Flexible,0.96445,0.9015,0.9801210025929128,FASHION
GeneralSNN,20,0,LInfFMNAttack,0.05,0.451701931922723,0.8654,0.8545,LeNet5_Representations_Flexible,0.96445,0.9015,0.9801210025929128,FASHION
GeneralSNN,20,1,LInfFMNAttack,0.05,0.4443378119001919,0.83575,0.8273,LeNet5_Representations_Flexible,0.96445,0.9015,0.9801210025929128,FASHION
GeneralSNN,20,2,LInfFMNAttack,0.05,0.3620205799812909,0.8651666666666666,0.8414,LeNet5_Representations_Flexible,0.96445,0.9015,0.9801210025929128,FASHION
GeneralSNN,20,3,LInfFMNAttack,0.05,0.2577854671280277,0.9501166666666668,0.8944,LeNet5_Representations_Flexible,0.96445,0.9015,0.9801210025929128,FASHION
GeneralSNN,20,4,LInfFMNAttack,0.05,0.3559822747415066,0.53275,0.5218,LeNet5_Representations_Flexible,0.96445,0.9015,0.9801210025929128,FASHION
GeneralParaLIF,20,0,LInfFMNAttack,0.1,0.525987525987526,0.7783333333333333,0.7646,LeNet5_Representations_Flexible,0.96445,0.9015,1.0,FASHION
GeneralParaLIF,20,1,LInfFMNAttack,0.1,0.5280898876404494,0.70115,0.6918,LeNet5_Representations_Flexible,0.96445,0.9015,1.0,FASHION
GeneralParaLIF,20,2,LInfFMNAttack,0.1,0.5061837455830389,0.9256166666666666,0.8877,LeNet5_Representations_Flexible,0.96445,0.9015,1.0,FASHION
GeneralParaLIF,20,3,LInfFMNAttack,0.1,0.4186455584872471,0.9481166666666668,0.8937,LeNet5_Representations_Flexible,0.96445,0.9015,1.0,FASHION
GeneralParaLIF,20,4,LInfFMNAttack,0.1,0.5468940316686967,0.6538833333333334,0.6319,LeNet5_Representations_Flexible,0.96445,0.9015,1.0,FASHION
GeneralSNN,20,0,LInfFMNAttack,0.1,0.4623853211009174,0.8654,0.8545,LeNet5_Representations_Flexible,0.96445,0.9015,1.0,FASHION
GeneralSNN,20,1,LInfFMNAttack,0.1,0.4433872502378687,0.83575,0.8273,LeNet5_Representations_Flexible,0.96445,0.9015,1.0,FASHION
GeneralSNN,20,2,LInfFMNAttack,0.1,0.4346642468239564,0.8651666666666666,0.8414,LeNet5_Representations_Flexible,0.96445,0.9015,1.0,FASHION
GeneralSNN,20,3,LInfFMNAttack,0.1,0.4069565217391304,0.9501166666666668,0.8944,LeNet5_Representations_Flexible,0.96445,0.9015,1.0,FASHION
GeneralSNN,20,4,LInfFMNAttack,0.1,0.5434782608695652,0.53275,0.5218,LeNet5_Representations_Flexible,0.96445,0.9015,1.0,FASHION
GeneralParaLIF,20,0,LinfDeepFoolAttack,0.01,0.1775700934579439,0.7783333333333333,0.7646,LeNet5_Representations_Flexible,0.96445,0.9015,0.2299741602067183,FASHION
GeneralParaLIF,20,1,LinfDeepFoolAttack,0.01,0.0853658536585365,0.70115,0.6918,LeNet5_Representations_Flexible,0.96445,0.9015,0.2299741602067183,FASHION
GeneralParaLIF,20,2,LinfDeepFoolAttack,0.01,0.0869565217391304,0.9256166666666666,0.8877,LeNet5_Representations_Flexible,0.96445,0.9015,0.2299741602067183,FASHION
GeneralParaLIF,20,3,LinfDeepFoolAttack,0.01,0.0508771929824561,0.9481166666666668,0.8937,LeNet5_Representations_Flexible,0.96445,0.9015,0.2299741602067183,FASHION
GeneralParaLIF,20,4,LinfDeepFoolAttack,0.01,0.2661691542288557,0.6538833333333334,0.6319,LeNet5_Representations_Flexible,0.96445,0.9015,0.2299741602067183,FASHION
GeneralSNN,20,0,LinfDeepFoolAttack,0.01,0.1703703703703703,0.8654,0.8545,LeNet5_Representations_Flexible,0.96445,0.9015,0.2299741602067183,FASHION
GeneralSNN,20,1,LinfDeepFoolAttack,0.01,0.0824544582933844,0.83575,0.8273,LeNet5_Representations_Flexible,0.96445,0.9015,0.2299741602067183,FASHION
GeneralSNN,20,2,LinfDeepFoolAttack,0.01,0.0441582336706531,0.8651666666666666,0.8414,LeNet5_Representations_Flexible,0.96445,0.9015,0.2299741602067183,FASHION
GeneralSNN,20,3,LinfDeepFoolAttack,0.01,0.0508326029798422,0.9501166666666668,0.8944,LeNet5_Representations_Flexible,0.96445,0.9015,0.2299741602067183,FASHION
GeneralSNN,20,4,LinfDeepFoolAttack,0.01,0.2188405797101449,0.53275,0.5218,LeNet5_Representations_Flexible,0.96445,0.9015,0.2299741602067183,FASHION
GeneralParaLIF,20,0,LinfDeepFoolAttack,0.05,0.756294058408862,0.7783333333333333,0.7646,LeNet5_Representations_Flexible,0.96445,0.9015,0.8844483058210252,FASHION
GeneralParaLIF,20,1,LinfDeepFoolAttack,0.05,0.6472527472527473,0.70115,0.6918,LeNet5_Representations_Flexible,0.96445,0.9015,0.8844483058210252,FASHION
GeneralParaLIF,20,2,LinfDeepFoolAttack,0.05,0.5048802129547472,0.9256166666666666,0.8877,LeNet5_Representations_Flexible,0.96445,0.9015,0.8844483058210252,FASHION
GeneralParaLIF,20,3,LinfDeepFoolAttack,0.05,0.3786152497808939,0.9481166666666668,0.8937,LeNet5_Representations_Flexible,0.96445,0.9015,0.8844483058210252,FASHION
GeneralParaLIF,20,4,LinfDeepFoolAttack,0.05,0.3443627450980392,0.6538833333333334,0.6319,LeNet5_Representations_Flexible,0.96445,0.9015,0.8844483058210252,FASHION
GeneralSNN,20,0,LinfDeepFoolAttack,0.05,0.80550621669627,0.8654,0.8545,LeNet5_Representations_Flexible,0.96445,0.9015,0.8844483058210252,FASHION
GeneralSNN,20,1,LinfDeepFoolAttack,0.05,0.6722846441947565,0.83575,0.8273,LeNet5_Representations_Flexible,0.96445,0.9015,0.8844483058210252,FASHION
GeneralSNN,20,2,LinfDeepFoolAttack,0.05,0.4689213893967093,0.8651666666666666,0.8414,LeNet5_Representations_Flexible,0.96445,0.9015,0.8844483058210252,FASHION
GeneralSNN,20,3,LinfDeepFoolAttack,0.05,0.2964254577157802,0.9501166666666668,0.8944,LeNet5_Representations_Flexible,0.96445,0.9015,0.8844483058210252,FASHION
GeneralSNN,20,4,LinfDeepFoolAttack,0.05,0.3205128205128205,0.53275,0.5218,LeNet5_Representations_Flexible,0.96445,0.9015,0.8844483058210252,FASHION
GeneralParaLIF,20,0,LinfDeepFoolAttack,0.1,0.8982528263103803,0.7783333333333333,0.7646,LeNet5_Representations_Flexible,0.96445,0.9015,1.0,FASHION
GeneralParaLIF,20,1,LinfDeepFoolAttack,0.1,0.8950819672131147,0.70115,0.6918,LeNet5_Representations_Flexible,0.96445,0.9015,1.0,FASHION
GeneralParaLIF,20,2,LinfDeepFoolAttack,0.1,0.8421052631578947,0.9256166666666666,0.8877,LeNet5_Representations_Flexible,0.96445,0.9015,1.0,FASHION
GeneralParaLIF,20,3,LinfDeepFoolAttack,0.1,0.6402439024390244,0.9481166666666668,0.8937,LeNet5_Representations_Flexible,0.96445,0.9015,1.0,FASHION
GeneralParaLIF,20,4,LinfDeepFoolAttack,0.1,0.5721271393643031,0.6538833333333334,0.6319,LeNet5_Representations_Flexible,0.96445,0.9015,1.0,FASHION
GeneralSNN,20,0,LinfDeepFoolAttack,0.1,0.8752327746741154,0.8654,0.8545,LeNet5_Representations_Flexible,0.96445,0.9015,1.0,FASHION
GeneralSNN,20,1,LinfDeepFoolAttack,0.1,0.8563162970106075,0.83575,0.8273,LeNet5_Representations_Flexible,0.96445,0.9015,1.0,FASHION
GeneralSNN,20,2,LinfDeepFoolAttack,0.1,0.7803308823529411,0.8651666666666666,0.8414,LeNet5_Representations_Flexible,0.96445,0.9015,1.0,FASHION
GeneralSNN,20,3,LinfDeepFoolAttack,0.1,0.6412478336221837,0.9501166666666668,0.8944,LeNet5_Representations_Flexible,0.96445,0.9015,1.0,FASHION
GeneralSNN,20,4,LinfDeepFoolAttack,0.1,0.3974540311173974,0.53275,0.5218,LeNet5_Representations_Flexible,0.96445,0.9015,1.0,FASHION
GeneralParaLIF,20,0,LinfFastGradientAttack,0.01,0.2176470588235294,0.7783333333333333,0.7646,LeNet5_Representations_Flexible,0.96445,0.9015,0.1827497865072587,FASHION
GeneralParaLIF,20,1,LinfFastGradientAttack,0.01,0.1137387387387387,0.70115,0.6918,LeNet5_Representations_Flexible,0.96445,0.9015,0.1827497865072587,FASHION
GeneralParaLIF,20,2,LinfFastGradientAttack,0.01,0.1033274956217162,0.9256166666666666,0.8877,LeNet5_Representations_Flexible,0.96445,0.9015,0.1827497865072587,FASHION
GeneralParaLIF,20,3,LinfFastGradientAttack,0.01,0.0726159230096238,0.9481166666666668,0.8937,LeNet5_Representations_Flexible,0.96445,0.9015,0.1827497865072587,FASHION
GeneralParaLIF,20,4,LinfFastGradientAttack,0.01,0.2982456140350877,0.6538833333333334,0.6319,LeNet5_Representations_Flexible,0.96445,0.9015,0.1827497865072587,FASHION
GeneralSNN,20,0,LinfFastGradientAttack,0.01,0.2202602230483271,0.8654,0.8545,LeNet5_Representations_Flexible,0.96445,0.9015,0.1827497865072587,FASHION
GeneralSNN,20,1,LinfFastGradientAttack,0.01,0.0863970588235294,0.83575,0.8273,LeNet5_Representations_Flexible,0.96445,0.9015,0.1827497865072587,FASHION
GeneralSNN,20,2,LinfFastGradientAttack,0.01,0.066231343283582,0.8651666666666666,0.8414,LeNet5_Representations_Flexible,0.96445,0.9015,0.1827497865072587,FASHION
GeneralSNN,20,3,LinfFastGradientAttack,0.01,0.0679012345679012,0.9501166666666668,0.8944,LeNet5_Representations_Flexible,0.96445,0.9015,0.1827497865072587,FASHION
GeneralSNN,20,4,LinfFastGradientAttack,0.01,0.2076813655761024,0.53275,0.5218,LeNet5_Representations_Flexible,0.96445,0.9015,0.1827497865072587,FASHION
GeneralParaLIF,20,0,LinfFastGradientAttack,0.05,0.7806324110671937,0.7783333333333333,0.7646,LeNet5_Representations_Flexible,0.96445,0.9015,0.6470588235294118,FASHION
GeneralParaLIF,20,1,LinfFastGradientAttack,0.05,0.5927601809954751,0.70115,0.6918,LeNet5_Representations_Flexible,0.96445,0.9015,0.6470588235294118,FASHION
GeneralParaLIF,20,2,LinfFastGradientAttack,0.05,0.5564236111111112,0.9256166666666666,0.8877,LeNet5_Representations_Flexible,0.96445,0.9015,0.6470588235294118,FASHION
GeneralParaLIF,20,3,LinfFastGradientAttack,0.05,0.340153452685422,0.9481166666666668,0.8937,LeNet5_Representations_Flexible,0.96445,0.9015,0.6470588235294118,FASHION
GeneralParaLIF,20,4,LinfFastGradientAttack,0.05,0.4880803011292346,0.6538833333333334,0.6319,LeNet5_Representations_Flexible,0.96445,0.9015,0.6470588235294118,FASHION
GeneralSNN,20,0,LinfFastGradientAttack,0.05,0.8328690807799443,0.8654,0.8545,LeNet5_Representations_Flexible,0.96445,0.9015,0.6470588235294118,FASHION
GeneralSNN,20,1,LinfFastGradientAttack,0.05,0.7570621468926554,0.83575,0.8273,LeNet5_Representations_Flexible,0.96445,0.9015,0.6470588235294118,FASHION
GeneralSNN,20,2,LinfFastGradientAttack,0.05,0.5581395348837209,0.8651666666666666,0.8414,LeNet5_Representations_Flexible,0.96445,0.9015,0.6470588235294118,FASHION
GeneralSNN,20,3,LinfFastGradientAttack,0.05,0.4155172413793103,0.9501166666666668,0.8944,LeNet5_Representations_Flexible,0.96445,0.9015,0.6470588235294118,FASHION
GeneralSNN,20,4,LinfFastGradientAttack,0.05,0.4260089686098655,0.53275,0.5218,LeNet5_Representations_Flexible,0.96445,0.9015,0.6470588235294118,FASHION
GeneralParaLIF,20,0,LinfFastGradientAttack,0.1,0.9804727646454264,0.7783333333333333,0.7646,LeNet5_Representations_Flexible,0.96445,0.9015,0.8147186147186147,FASHION
GeneralParaLIF,20,1,LinfFastGradientAttack,0.1,0.9150622876557192,0.70115,0.6918,LeNet5_Representations_Flexible,0.96445,0.9015,0.8147186147186147,FASHION
GeneralParaLIF,20,2,LinfFastGradientAttack,0.1,0.8446180555555556,0.9256166666666666,0.8877,LeNet5_Representations_Flexible,0.96445,0.9015,0.8147186147186147,FASHION
GeneralParaLIF,20,3,LinfFastGradientAttack,0.1,0.7090592334494773,0.9481166666666668,0.8937,LeNet5_Representations_Flexible,0.96445,0.9015,0.8147186147186147,FASHION
GeneralParaLIF,20,4,LinfFastGradientAttack,0.1,0.693384223918575,0.6538833333333334,0.6319,LeNet5_Representations_Flexible,0.96445,0.9015,0.8147186147186147,FASHION
GeneralSNN,20,0,LinfFastGradientAttack,0.1,0.9375565610859729,0.8654,0.8545,LeNet5_Representations_Flexible,0.96445,0.9015,0.8147186147186147,FASHION
GeneralSNN,20,1,LinfFastGradientAttack,0.1,0.9844961240310076,0.83575,0.8273,LeNet5_Representations_Flexible,0.96445,0.9015,0.8147186147186147,FASHION
GeneralSNN,20,2,LinfFastGradientAttack,0.1,0.9180633147113594,0.8651666666666666,0.8414,LeNet5_Representations_Flexible,0.96445,0.9015,0.8147186147186147,FASHION
GeneralSNN,20,3,LinfFastGradientAttack,0.1,0.6611498257839721,0.9501166666666668,0.8944,LeNet5_Representations_Flexible,0.96445,0.9015,0.8147186147186147,FASHION
GeneralSNN,20,4,LinfFastGradientAttack,0.1,0.6551204819277109,0.53275,0.5218,LeNet5_Representations_Flexible,0.96445,0.9015,0.8147186147186147,FASHION
GeneralParaLIF,20,0,LInfFMNAttack,0.01,0.4524390243902439,0.6557598591260904,0.6418254456054088,LeNet5_Representations_Flexible_CIFAR,0.9241710689763436,0.8734634296250768,0.6308243727598566,SVHN
GeneralParaLIF,20,1,LInfFMNAttack,0.01,0.38002594033722437,0.6058806666939678,0.6007221880762139,LeNet5_Representations_Flexible_CIFAR,0.9241710689763436,0.8734634296250768,0.6308243727598566,SVHN
GeneralParaLIF,20,2,LInfFMNAttack,0.01,0.1910828025477707,0.7540576327176925,0.7294483712354026,LeNet5_Representations_Flexible_CIFAR,0.9241710689763436,0.8734634296250768,0.6308243727598566,SVHN
GeneralParaLIF,20,3,LInfFMNAttack,0.01,0.07449856733524356,0.8390051462658858,0.8048939766441303,LeNet5_Representations_Flexible_CIFAR,0.9241710689763436,0.8734634296250768,0.6308243727598566,SVHN
GeneralParaLIF,20,4,LInfFMNAttack,0.01,0.25350467289719625,0.7027178290129271,0.6546942224953903,LeNet5_Representations_Flexible_CIFAR,0.9241710689763436,0.8734634296250768,0.6308243727598566,SVHN
GeneralSNN,20,0,LInfFMNAttack,0.01,0.2822695035460993,0.5474152640703277,0.541641057160418,LeNet5_Representations_Flexible_CIFAR,0.9241710689763436,0.8734634296250768,0.6308243727598566,SVHN
GeneralSNN,20,1,LInfFMNAttack,0.01,0.2743221690590112,0.5010988710976425,0.5021511985248924,LeNet5_Representations_Flexible_CIFAR,0.9241710689763436,0.8734634296250768,0.6308243727598566,SVHN
GeneralSNN,20,2,LInfFMNAttack,0.01,0.15738498789346247,0.6835797261695128,0.6652581438229871,LeNet5_Representations_Flexible_CIFAR,0.9241710689763436,0.8734634296250768,0.6308243727598566,SVHN
GeneralSNN,20,3,LInfFMNAttack,0.01,0.050514499532273154,0.8554677368715617,0.8175706822372465,LeNet5_Representations_Flexible_CIFAR,0.9241710689763436,0.8734634296250768,0.6308243727598566,SVHN
GeneralSNN,20,4,LInfFMNAttack,0.01,0.1393188854489164,0.5029689995495311,0.4870159803318992,LeNet5_Representations_Flexible_CIFAR,0.9241710689763436,0.8734634296250768,0.6308243727598566,SVHN
GeneralParaLIF,20,0,LInfFMNAttack,0.05,0.6863979848866498,0.6557598591260904,0.6418254456054088,LeNet5_Representations_Flexible_CIFAR,0.9241710689763436,0.8734634296250768,1.0,SVHN
GeneralParaLIF,20,1,LInfFMNAttack,0.05,0.7346683354192741,0.6058806666939678,0.6007221880762139,LeNet5_Representations_Flexible_CIFAR,0.9241710689763436,0.8734634296250768,1.0,SVHN
GeneralParaLIF,20,2,LInfFMNAttack,0.05,0.6544117647058824,0.7540576327176925,0.7294483712354026,LeNet5_Representations_Flexible_CIFAR,0.9241710689763436,0.8734634296250768,1.0,SVHN
GeneralParaLIF,20,3,LInfFMNAttack,0.05,0.3565965583173996,0.8390051462658858,0.8048939766441303,LeNet5_Representations_Flexible_CIFAR,0.9241710689763436,0.8734634296250768,1.0,SVHN
GeneralParaLIF,20,4,LInfFMNAttack,0.05,0.3506024096385542,0.7027178290129271,0.6546942224953903,LeNet5_Representations_Flexible_CIFAR,0.9241710689763436,0.8734634296250768,1.0,SVHN
GeneralSNN,20,0,LInfFMNAttack,0.05,0.5412445730824892,0.5474152640703277,0.541641057160418,LeNet5_Representations_Flexible_CIFAR,0.9241710689763436,0.8734634296250768,1.0,SVHN
GeneralSNN,20,1,LInfFMNAttack,0.05,0.6030769230769231,0.5010988710976425,0.5021511985248924,LeNet5_Representations_Flexible_CIFAR,0.9241710689763436,0.8734634296250768,1.0,SVHN
GeneralSNN,20,2,LInfFMNAttack,0.05,0.503448275862069,0.6835797261695128,0.6652581438229871,LeNet5_Representations_Flexible_CIFAR,0.9241710689763436,0.8734634296250768,1.0,SVHN
GeneralSNN,20,3,LInfFMNAttack,0.05,0.32497589199614274,0.8554677368715617,0.8175706822372465,LeNet5_Representations_Flexible_CIFAR,0.9241710689763436,0.8734634296250768,1.0,SVHN
GeneralSNN,20,4,LInfFMNAttack,0.05,0.2795527156549521,0.5029689995495311,0.4870159803318992,LeNet5_Representations_Flexible_CIFAR,0.9241710689763436,0.8734634296250768,1.0,SVHN
GeneralParaLIF,20,0,LInfFMNAttack,0.1,0.6843971631205674,0.6557598591260904,0.6418254456054088,LeNet5_Representations_Flexible_CIFAR,0.9241710689763436,0.8734634296250768,1.0,SVHN
GeneralParaLIF,20,1,LInfFMNAttack,0.1,0.75,0.6058806666939678,0.6007221880762139,LeNet5_Representations_Flexible_CIFAR,0.9241710689763436,0.8734634296250768,1.0,SVHN
GeneralParaLIF,20,2,LInfFMNAttack,0.1,0.6603575184016824,0.7540576327176925,0.7294483712354026,LeNet5_Representations_Flexible_CIFAR,0.9241710689763436,0.8734634296250768,1.0,SVHN
GeneralParaLIF,20,3,LInfFMNAttack,0.1,0.49901574803149606,0.8390051462658858,0.8048939766441303,LeNet5_Representations_Flexible_CIFAR,0.9241710689763436,0.8734634296250768,1.0,SVHN
GeneralParaLIF,20,4,LInfFMNAttack,0.1,0.5170316301703163,0.7027178290129271,0.6546942224953903,LeNet5_Representations_Flexible_CIFAR,0.9241710689763436,0.8734634296250768,1.0,SVHN
GeneralSNN,20,0,LInfFMNAttack,0.1,0.5329512893982808,0.5474152640703277,0.541641057160418,LeNet5_Representations_Flexible_CIFAR,0.9241710689763436,0.8734634296250768,1.0,SVHN
GeneralSNN,20,1,LInfFMNAttack,0.1,0.6243980738362761,0.5010988710976425,0.5021511985248924,LeNet5_Representations_Flexible_CIFAR,0.9241710689763436,0.8734634296250768,1.0,SVHN
GeneralSNN,20,2,LInfFMNAttack,0.1,0.5167630057803468,0.6835797261695128,0.6652581438229871,LeNet5_Representations_Flexible_CIFAR,0.9241710689763436,0.8734634296250768,1.0,SVHN
GeneralSNN,20,3,LInfFMNAttack,0.1,0.41069723018147086,0.8554677368715617,0.8175706822372465,LeNet5_Representations_Flexible_CIFAR,0.9241710689763436,0.8734634296250768,1.0,SVHN
GeneralSNN,20,4,LInfFMNAttack,0.1,0.4496,0.5029689995495311,0.4870159803318992,LeNet5_Representations_Flexible_CIFAR,0.9241710689763436,0.8734634296250768,1.0,SVHN
GeneralParaLIF,20,0,LinfDeepFoolAttack,0.01,0.39492753623188404,0.6557598591260904,0.6418254456054088,LeNet5_Representations_Flexible_CIFAR,0.9241710689763436,0.8734634296250768,0.5133214920071048,SVHN
GeneralParaLIF,20,1,LinfDeepFoolAttack,0.01,0.3805309734513274,0.6058806666939678,0.6007221880762139,LeNet5_Representations_Flexible_CIFAR,0.9241710689763436,0.8734634296250768,0.5133214920071048,SVHN
GeneralParaLIF,20,2,LinfDeepFoolAttack,0.01,0.14759358288770053,0.7540576327176925,0.7294483712354026,LeNet5_Representations_Flexible_CIFAR,0.9241710689763436,0.8734634296250768,0.5133214920071048,SVHN
GeneralParaLIF,20,3,LinfDeepFoolAttack,0.01,0.05039525691699605,0.8390051462658858,0.8048939766441303,LeNet5_Representations_Flexible_CIFAR,0.9241710689763436,0.8734634296250768,0.5133214920071048,SVHN
GeneralParaLIF,20,4,LinfDeepFoolAttack,0.01,0.24,0.7027178290129271,0.6546942224953903,LeNet5_Representations_Flexible_CIFAR,0.9241710689763436,0.8734634296250768,0.5133214920071048,SVHN
GeneralSNN,20,0,LinfDeepFoolAttack,0.01,0.4067055393586006,0.5474152640703277,0.541641057160418,LeNet5_Representations_Flexible_CIFAR,0.9241710689763436,0.8734634296250768,0.5133214920071048,SVHN
GeneralSNN,20,1,LinfDeepFoolAttack,0.01,0.2958860759493671,0.5010988710976425,0.5021511985248924,LeNet5_Representations_Flexible_CIFAR,0.9241710689763436,0.8734634296250768,0.5133214920071048,SVHN
GeneralSNN,20,2,LinfDeepFoolAttack,0.01,0.13262910798122066,0.6835797261695128,0.6652581438229871,LeNet5_Representations_Flexible_CIFAR,0.9241710689763436,0.8734634296250768,0.5133214920071048,SVHN
GeneralSNN,20,3,LinfDeepFoolAttack,0.01,0.057337220602526724,0.8554677368715617,0.8175706822372465,LeNet5_Representations_Flexible_CIFAR,0.9241710689763436,0.8734634296250768,0.5133214920071048,SVHN
GeneralSNN,20,4,LinfDeepFoolAttack,0.01,0.16307692307692306,0.5029689995495311,0.4870159803318992,LeNet5_Representations_Flexible_CIFAR,0.9241710689763436,0.8734634296250768,0.5133214920071048,SVHN
GeneralParaLIF,20,0,LinfDeepFoolAttack,0.05,0.9039615846338536,0.6557598591260904,0.6418254456054088,LeNet5_Representations_Flexible_CIFAR,0.9241710689763436,0.8734634296250768,0.9954379562043796,SVHN
GeneralParaLIF,20,1,LinfDeepFoolAttack,0.05,0.8712998712998713,0.6058806666939678,0.6007221880762139,LeNet5_Representations_Flexible_CIFAR,0.9241710689763436,0.8734634296250768,0.9954379562043796,SVHN
GeneralParaLIF,20,2,LinfDeepFoolAttack,0.05,0.7254273504273504,0.7540576327176925,0.7294483712354026,LeNet5_Representations_Flexible_CIFAR,0.9241710689763436,0.8734634296250768,0.9954379562043796,SVHN
GeneralParaLIF,20,3,LinfDeepFoolAttack,0.05,0.4208984375,0.8390051462658858,0.8048939766441303,LeNet5_Representations_Flexible_CIFAR,0.9241710689763436,0.8734634296250768,0.9954379562043796,SVHN
GeneralParaLIF,20,4,LinfDeepFoolAttack,0.05,0.3690621193666261,0.7027178290129271,0.6546942224953903,LeNet5_Representations_Flexible_CIFAR,0.9241710689763436,0.8734634296250768,0.9954379562043796,SVHN
GeneralSNN,20,0,LinfDeepFoolAttack,0.05,0.835820895522388,0.5474152640703277,0.541641057160418,LeNet5_Representations_Flexible_CIFAR,0.9241710689763436,0.8734634296250768,0.9954379562043796,SVHN
GeneralSNN,20,1,LinfDeepFoolAttack,0.05,0.8252279635258358,0.5010988710976425,0.5021511985248924,LeNet5_Representations_Flexible_CIFAR,0.9241710689763436,0.8734634296250768,0.9954379562043796,SVHN
GeneralSNN,20,2,LinfDeepFoolAttack,0.05,0.6295857988165681,0.6835797261695128,0.6652581438229871,LeNet5_Representations_Flexible_CIFAR,0.9241710689763436,0.8734634296250768,0.9954379562043796,SVHN
GeneralSNN,20,3,LinfDeepFoolAttack,0.05,0.38564593301435407,0.8554677368715617,0.8175706822372465,LeNet5_Representations_Flexible_CIFAR,0.9241710689763436,0.8734634296250768,0.9954379562043796,SVHN
GeneralSNN,20,4,LinfDeepFoolAttack,0.05,0.22919937205651492,0.5029689995495311,0.4870159803318992,LeNet5_Representations_Flexible_CIFAR,0.9241710689763436,0.8734634296250768,0.9954379562043796,SVHN
GeneralParaLIF,20,0,LinfDeepFoolAttack,0.1,0.9494949494949495,0.6557598591260904,0.6418254456054088,LeNet5_Representations_Flexible_CIFAR,0.9241710689763436,0.8734634296250768,1.0,SVHN
GeneralParaLIF,20,1,LinfDeepFoolAttack,0.1,0.9009009009009009,0.6058806666939678,0.6007221880762139,LeNet5_Representations_Flexible_CIFAR,0.9241710689763436,0.8734634296250768,1.0,SVHN
GeneralParaLIF,20,2,LinfDeepFoolAttack,0.1,0.8987068965517241,0.7540576327176925,0.7294483712354026,LeNet5_Representations_Flexible_CIFAR,0.9241710689763436,0.8734634296250768,1.0,SVHN
GeneralParaLIF,20,3,LinfDeepFoolAttack,0.1,0.6962890625,0.8390051462658858,0.8048939766441303,LeNet5_Representations_Flexible_CIFAR,0.9241710689763436,0.8734634296250768,1.0,SVHN
GeneralParaLIF,20,4,LinfDeepFoolAttack,0.1,0.5538461538461539,0.7027178290129271,0.6546942224953903,LeNet5_Representations_Flexible_CIFAR,0.9241710689763436,0.8734634296250768,1.0,SVHN
GeneralSNN,20,0,LinfDeepFoolAttack,0.1,0.8593974175035868,0.5474152640703277,0.541641057160418,LeNet5_Representations_Flexible_CIFAR,0.9241710689763436,0.8734634296250768,1.0,SVHN
GeneralSNN,20,1,LinfDeepFoolAttack,0.1,0.8117469879518072,0.5010988710976425,0.5021511985248924,LeNet5_Representations_Flexible_CIFAR,0.9241710689763436,0.8734634296250768,1.0,SVHN
GeneralSNN,20,2,LinfDeepFoolAttack,0.1,0.7406962785114045,0.6835797261695128,0.6652581438229871,LeNet5_Representations_Flexible_CIFAR,0.9241710689763436,0.8734634296250768,1.0,SVHN
GeneralSNN,20,3,LinfDeepFoolAttack,0.1,0.6644165863066538,0.8554677368715617,0.8175706822372465,LeNet5_Representations_Flexible_CIFAR,0.9241710689763436,0.8734634296250768,1.0,SVHN
GeneralSNN,20,4,LinfDeepFoolAttack,0.1,0.36451612903225805,0.5029689995495311,0.4870159803318992,LeNet5_Representations_Flexible_CIFAR,0.9241710689763436,0.8734634296250768,1.0,SVHN
GeneralParaLIF,20,0,LinfFastGradientAttack,0.01,0.38141809290953543,0.6557598591260904,0.6418254456054088,LeNet5_Representations_Flexible_CIFAR,0.9241710689763436,0.8734634296250768,0.4295900178253119,SVHN
GeneralParaLIF,20,1,LinfFastGradientAttack,0.01,0.41263440860215056,0.6058806666939678,0.6007221880762139,LeNet5_Representations_Flexible_CIFAR,0.9241710689763436,0.8734634296250768,0.4295900178253119,SVHN
GeneralParaLIF,20,2,LinfFastGradientAttack,0.01,0.18288770053475936,0.7540576327176925,0.7294483712354026,LeNet5_Representations_Flexible_CIFAR,0.9241710689763436,0.8734634296250768,0.4295900178253119,SVHN
GeneralParaLIF,20,3,LinfFastGradientAttack,0.01,0.0751953125,0.8390051462658858,0.8048939766441303,LeNet5_Representations_Flexible_CIFAR,0.9241710689763436,0.8734634296250768,0.4295900178253119,SVHN
GeneralParaLIF,20,4,LinfFastGradientAttack,0.01,0.2572509457755359,0.7027178290129271,0.6546942224953903,LeNet5_Representations_Flexible_CIFAR,0.9241710689763436,0.8734634296250768,0.4295900178253119,SVHN
GeneralSNN,20,0,LinfFastGradientAttack,0.01,0.426917510853835,0.5474152640703277,0.541641057160418,LeNet5_Representations_Flexible_CIFAR,0.9241710689763436,0.8734634296250768,0.4295900178253119,SVHN
GeneralSNN,20,1,LinfFastGradientAttack,0.01,0.4017991004497751,0.5010988710976425,0.5021511985248924,LeNet5_Representations_Flexible_CIFAR,0.9241710689763436,0.8734634296250768,0.4295900178253119,SVHN
GeneralSNN,20,2,LinfFastGradientAttack,0.01,0.2116279069767442,0.6835797261695128,0.6652581438229871,LeNet5_Representations_Flexible_CIFAR,0.9241710689763436,0.8734634296250768,0.4295900178253119,SVHN
GeneralSNN,20,3,LinfFastGradientAttack,0.01,0.08097560975609756,0.8554677368715617,0.8175706822372465,LeNet5_Representations_Flexible_CIFAR,0.9241710689763436,0.8734634296250768,0.4295900178253119,SVHN
GeneralSNN,20,4,LinfFastGradientAttack,0.01,0.16018662519440124,0.5029689995495311,0.4870159803318992,LeNet5_Representations_Flexible_CIFAR,0.9241710689763436,0.8734634296250768,0.4295900178253119,SVHN
GeneralParaLIF,20,0,LinfFastGradientAttack,0.05,0.9541062801932367,0.6557598591260904,0.6418254456054088,LeNet5_Representations_Flexible_CIFAR,0.9241710689763436,0.8734634296250768,0.9591280653950953,SVHN
GeneralParaLIF,20,1,LinfFastGradientAttack,0.05,0.9210174029451138,0.6058806666939678,0.6007221880762139,LeNet5_Representations_Flexible_CIFAR,0.9241710689763436,0.8734634296250768,0.9591280653950953,SVHN
GeneralParaLIF,20,2,LinfFastGradientAttack,0.05,0.7438370846730975,0.7540576327176925,0.7294483712354026,LeNet5_Representations_Flexible_CIFAR,0.9241710689763436,0.8734634296250768,0.9591280653950953,SVHN
GeneralParaLIF,20,3,LinfFastGradientAttack,0.05,0.41938579654510555,0.8390051462658858,0.8048939766441303,LeNet5_Representations_Flexible_CIFAR,0.9241710689763436,0.8734634296250768,0.9591280653950953,SVHN
GeneralParaLIF,20,4,LinfFastGradientAttack,0.05,0.36596736596736595,0.7027178290129271,0.6546942224953903,LeNet5_Representations_Flexible_CIFAR,0.9241710689763436,0.8734634296250768,0.9591280653950953,SVHN
GeneralSNN,20,0,LinfFastGradientAttack,0.05,0.9556213017751479,0.5474152640703277,0.541641057160418,LeNet5_Representations_Flexible_CIFAR,0.9241710689763436,0.8734634296250768,0.9591280653950953,SVHN
GeneralSNN,20,1,LinfFastGradientAttack,0.05,0.919629057187017,0.5010988710976425,0.5021511985248924,LeNet5_Representations_Flexible_CIFAR,0.9241710689763436,0.8734634296250768,0.9591280653950953,SVHN
GeneralSNN,20,2,LinfFastGradientAttack,0.05,0.8058479532163743,0.6835797261695128,0.6652581438229871,LeNet5_Representations_Flexible_CIFAR,0.9241710689763436,0.8734634296250768,0.9591280653950953,SVHN
GeneralSNN,20,3,LinfFastGradientAttack,0.05,0.531047265987025,0.8554677368715617,0.8175706822372465,LeNet5_Representations_Flexible_CIFAR,0.9241710689763436,0.8734634296250768,0.9591280653950953,SVHN
GeneralSNN,20,4,LinfFastGradientAttack,0.05,0.38593481989708406,0.5029689995495311,0.4870159803318992,LeNet5_Representations_Flexible_CIFAR,0.9241710689763436,0.8734634296250768,0.9591280653950953,SVHN
GeneralParaLIF,20,0,LinfFastGradientAttack,0.1,0.991715976331361,0.6557598591260904,0.6418254456054088,LeNet5_Representations_Flexible_CIFAR,0.9241710689763436,0.8734634296250768,0.9855595667870036,SVHN
GeneralParaLIF,20,1,LinfFastGradientAttack,0.1,0.9777195281782438,0.6058806666939678,0.6007221880762139,LeNet5_Representations_Flexible_CIFAR,0.9241710689763436,0.8734634296250768,0.9855595667870036,SVHN
GeneralParaLIF,20,2,LinfFastGradientAttack,0.1,0.9270946681175191,0.7540576327176925,0.7294483712354026,LeNet5_Representations_Flexible_CIFAR,0.9241710689763436,0.8734634296250768,0.9855595667870036,SVHN
GeneralParaLIF,20,3,LinfFastGradientAttack,0.1,0.7297297297297297,0.8390051462658858,0.8048939766441303,LeNet5_Representations_Flexible_CIFAR,0.9241710689763436,0.8734634296250768,0.9855595667870036,SVHN
GeneralParaLIF,20,4,LinfFastGradientAttack,0.1,0.6420664206642066,0.7027178290129271,0.6546942224953903,LeNet5_Representations_Flexible_CIFAR,0.9241710689763436,0.8734634296250768,0.9855595667870036,SVHN
GeneralSNN,20,0,LinfFastGradientAttack,0.1,0.9911504424778761,0.5474152640703277,0.541641057160418,LeNet5_Representations_Flexible_CIFAR,0.9241710689763436,0.8734634296250768,0.9855595667870036,SVHN
GeneralSNN,20,1,LinfFastGradientAttack,0.1,0.973724884080371,0.5010988710976425,0.5021511985248924,LeNet5_Representations_Flexible_CIFAR,0.9241710689763436,0.8734634296250768,0.9855595667870036,SVHN
GeneralSNN,20,2,LinfFastGradientAttack,0.1,0.9553679131483716,0.6835797261695128,0.6652581438229871,LeNet5_Representations_Flexible_CIFAR,0.9241710689763436,0.8734634296250768,0.9855595667870036,SVHN
GeneralSNN,20,3,LinfFastGradientAttack,0.1,0.7829457364341085,0.8554677368715617,0.8175706822372465,LeNet5_Representations_Flexible_CIFAR,0.9241710689763436,0.8734634296250768,0.9855595667870036,SVHN
GeneralSNN,20,4,LinfFastGradientAttack,0.1,0.575516693163752,0.5029689995495311,0.4870159803318992,LeNet5_Representations_Flexible_CIFAR,0.9241710689763436,0.8734634296250768,0.9855595667870036,SVHN
